player_id,season,oz_starts,dz_starts
8470600,20232024,0.3336,0.3459
8470600,20242025,0.2682,0.35
8470600,20252026,,
8470604,20232024,0.1064,0.6042
8470604,20242025,,
8470604,20252026,,
8470610,20232024,0.2834,0.3811
8470610,20242025,,
8470610,20252026,,
8470613,20232024,0.3461,0.3157
8470613,20242025,0.3826,0.3155
8470613,20252026,0.3219,0.3442
8470621,20232024,0.3434,0.3094
8470621,20242025,0.4562,0.2523
8470621,20252026,0.3812,0.2607
8470794,20232024,0.3627,0.3411
8470794,20242025,,
8470794,20252026,,
8470966,20232024,0.3628,0.2965
8470966,20242025,,
8470966,20252026,,
8471214,20232024,0.4977,0.1718
8471214,20242025,0.5452,0.1363
8471214,20252026,0.6228,0.1034
8471215,20232024,0.4004,0.2354
8471215,20242025,0.4002,0.2134
8471215,20252026,0.4533,0.2139
8471218,20232024,0.3649,0.288
8471218,20242025,,
8471218,20252026,,
8471274,20232024,0.3264,0.3185
8471274,20242025,,
8471274,20252026,,
8471675,20232024,0.4003,0.2331
8471675,20242025,0.4075,0.2608
8471675,20252026,0.3722,0.262
8471677,20232024,0.2226,0.4015
8471677,20242025,0.3037,0.341
8471677,20252026,,
8471685,20232024,0.3352,0.3512
8471685,20242025,0.3152,0.3355
8471685,20252026,0.4227,0.2992
8471686,20232024,0.295,0.325
8471686,20242025,,
8471686,20252026,,
8471698,20232024,0.4201,0.2542
8471698,20242025,,
8471698,20252026,,
8471699,20232024,0.2091,0.3748
8471699,20242025,,
8471699,20252026,,
8471709,20232024,0.2496,0.4104
8471709,20242025,0.3195,0.377
8471709,20252026,,
8471724,20232024,0.3393,0.3116
8471724,20242025,0.3315,0.3149
8471724,20252026,0.3901,0.2937
8471817,20232024,0.277,0.3412
8471817,20242025,0.1257,0.4136
8471817,20252026,0.2273,0.3303
8473419,20232024,0.3627,0.3667
8473419,20242025,0.3469,0.3367
8473419,20252026,0.3203,0.3186
8473422,20232024,0.3152,0.3552
8473422,20242025,0.247,0.3754
8473422,20252026,0.2359,0.4156
8473446,20232024,0.3215,0.3408
8473446,20242025,0.3232,0.3282
8473446,20252026,,
8473449,20232024,0.3379,0.3441
8473449,20242025,,
8473449,20252026,,
8473453,20232024,0.3524,0.2983
8473453,20242025,0.307,0.3025
8473453,20252026,,
8473504,20232024,0.2088,0.4008
8473504,20242025,,
8473504,20252026,,
8473507,20232024,0.2866,0.359
8473507,20242025,0.3229,0.3543
8473507,20252026,0.3271,0.2673
8473512,20232024,0.3336,0.3219
8473512,20242025,0.3823,0.3199
8473512,20252026,0.317,0.3457
8473533,20232024,0.2667,0.3458
8473533,20242025,0.3085,0.3406
8473533,20252026,0.3039,0.3298
8473563,20232024,0.4382,0.2022
8473563,20242025,,
8473563,20252026,,
8473986,20232024,0.3398,0.3268
8473986,20242025,0.3625,0.3149
8473986,20252026,0.3233,0.3367
8473994,20232024,0.3574,0.3371
8473994,20242025,0.3477,0.3564
8473994,20252026,0.3431,0.299
8474009,20232024,0.2416,0.4545
8474009,20242025,,
8474009,20252026,,
8474013,20232024,0.2424,0.3879
8474013,20242025,0.3459,0.3305
8474013,20252026,0.3064,0.3484
8474031,20232024,0.3874,0.2956
8474031,20242025,,
8474031,20252026,,
8474034,20232024,0.2472,0.3653
8474034,20242025,0.2966,0.3441
8474034,20252026,,
8474037,20232024,0.3245,0.3323
8474037,20242025,0.3194,0.3388
8474037,20252026,0.3063,0.3773
8474040,20232024,0.3498,0.3184
8474040,20242025,,
8474040,20252026,,
8474053,20232024,0.2917,0.3889
8474053,20242025,,
8474053,20252026,,
8474090,20232024,0.2811,0.3905
8474090,20242025,0.3134,0.3463
8474090,20252026,0.3525,0.2869
8474102,20232024,0.278,0.3784
8474102,20242025,0.3237,0.3094
8474102,20252026,0.347,0.2794
8474141,20232024,0.3421,0.2986
8474141,20242025,0.3716,0.3177
8474141,20252026,0.3726,0.3192
8474145,20232024,0.3546,0.2939
8474145,20242025,0.386,0.2339
8474145,20252026,,
8474149,20232024,0.3339,0.3252
8474149,20242025,0.326,0.3313
8474149,20252026,0.3636,0.358
8474150,20232024,0.2536,0.4114
8474150,20242025,0.2742,0.4435
8474150,20252026,0.2111,0.4544
8474151,20232024,0.369,0.2828
8474151,20242025,0.2415,0.4024
8474151,20252026,0.2929,0.3558
8474157,20232024,0.3636,0.2816
8474157,20242025,0.3157,0.3205
8474157,20252026,,
8474166,20232024,0.3236,0.3431
8474166,20242025,0.3217,0.3217
8474166,20252026,,
8474189,20232024,0.1881,0.531
8474189,20242025,0.3023,0.3409
8474189,20252026,0.2536,0.412
8474563,20232024,0.3159,0.3235
8474563,20242025,0.3816,0.3177
8474563,20252026,0.3238,0.3165
8474564,20232024,0.3678,0.307
8474564,20242025,0.4466,0.2388
8474564,20252026,0.334,0.3386
8474565,20232024,0.3689,0.3118
8474565,20242025,0.3716,0.2987
8474565,20252026,,
8474567,20232024,0.314,0.3291
8474567,20242025,0.2842,0.407
8474567,20252026,0.33,0.3128
8474568,20232024,0.3351,0.2836
8474568,20242025,0.2162,0.3694
8474568,20252026,0.2745,0.3747
8474574,20232024,0.2345,0.3912
8474574,20242025,0.2905,0.3597
8474574,20252026,0.2672,0.3846
8474578,20232024,0.3638,0.3104
8474578,20242025,0.3735,0.2988
8474578,20252026,0.376,0.3076
8474586,20232024,0.368,0.332
8474586,20242025,0.3061,0.3729
8474586,20252026,0.3487,0.3005
8474590,20232024,0.3257,0.3525
8474590,20242025,0.3605,0.3145
8474590,20252026,0.3774,0.3234
8474600,20232024,0.4376,0.2542
8474600,20242025,0.4898,0.2398
8474600,20252026,0.3587,0.3333
8474602,20232024,0.3928,0.2791
8474602,20242025,,
8474602,20252026,,
8474612,20232024,0.3388,0.3207
8474612,20242025,0.2864,0.3683
8474612,20252026,0.2982,0.3684
8474618,20232024,0.3407,0.2821
8474618,20242025,,
8474618,20252026,,
8474641,20232024,0.2893,0.3673
8474641,20242025,0.2928,0.3802
8474641,20252026,0.2516,0.4318
8474673,20232024,0.3244,0.3221
8474673,20242025,0.3193,0.3462
8474673,20252026,,
8474679,20232024,0.4269,0.2647
8474679,20242025,0.3719,0.3081
8474679,20252026,0.3662,0.2864
8474709,20232024,0.2626,0.3721
8474709,20242025,0.3193,0.3109
8474709,20252026,,
8474715,20232024,0.3739,0.2945
8474715,20242025,0.3134,0.2985
8474715,20252026,,
8474716,20232024,0.3553,0.3991
8474716,20242025,0.3238,0.3228
8474716,20252026,0.3144,0.3528
8474870,20232024,0.3188,0.3668
8474870,20242025,0.2667,0.3667
8474870,20252026,,
8474884,20232024,0.2946,0.4018
8474884,20242025,,
8474884,20252026,,
8475149,20232024,0.3197,0.3264
8475149,20242025,0.298,0.351
8475149,20252026,0.3157,0.336
8475151,20232024,0.3501,0.2936
8475151,20242025,0.3673,0.3423
8475151,20252026,0.3993,0.2747
8475158,20232024,0.4242,0.2746
8475158,20242025,0.3685,0.2809
8475158,20252026,0.2978,0.3477
8475164,20232024,0.2891,0.3526
8475164,20242025,,
8475164,20252026,,
8475166,20232024,0.3552,0.3143
8475166,20242025,0.3142,0.3697
8475166,20252026,0.3816,0.3305
8475167,20232024,0.3997,0.2827
8475167,20242025,0.4106,0.3011
8475167,20252026,0.3342,0.2679
8475168,20232024,0.3537,0.3333
8475168,20242025,0.3491,0.3385
8475168,20252026,0.365,0.2933
8475169,20232024,0.3584,0.3044
8475169,20242025,,
8475169,20252026,0.378,0.3387
8475170,20232024,0.3014,0.3849
8475170,20242025,0.3544,0.3496
8475170,20252026,0.3607,0.3258
8475171,20232024,0.3667,0.2693
8475171,20242025,0.3785,0.3091
8475171,20252026,0.399,0.3181
8475172,20232024,0.3957,0.2462
8475172,20242025,0.4259,0.2674
8475172,20252026,0.435,0.2486
8475177,20232024,0.226,0.3428
8475177,20242025,0.2031,0.3799
8475177,20252026,,
8475179,20232024,0.3878,0.2705
8475179,20242025,0.3654,0.2802
8475179,20252026,0.3167,0.3025
8475181,20232024,0.2701,0.401
8475181,20242025,0.314,0.286
8475181,20252026,0.3756,0.3089
8475184,20232024,0.3686,0.2776
8475184,20242025,0.324,0.3482
8475184,20252026,0.3998,0.2544
8475188,20232024,0.3433,0.3197
8475188,20242025,0.3547,0.2913
8475188,20252026,0.3374,0.3303
8475191,20232024,0.3366,0.3234
8475191,20242025,0.3103,0.3186
8475191,20252026,0.3089,0.3017
8475193,20232024,0.3411,0.3411
8475193,20242025,0.2662,0.3117
8475193,20252026,,
8475197,20232024,0.352,0.3056
8475197,20242025,0.3796,0.3066
8475197,20252026,,
8475200,20232024,0.3789,0.2574
8475200,20242025,0.3413,0.2775
8475200,20252026,0.3196,0.3468
8475208,20232024,0.3901,0.2948
8475208,20242025,0.2932,0.3581
8475208,20252026,0.2923,0.3515
8475218,20232024,0.4185,0.2876
8475218,20242025,0.421,0.2612
8475218,20252026,0.4102,0.2602
8475220,20232024,0.2813,0.3618
8475220,20242025,0.2961,0.3306
8475220,20252026,0.2486,0.3977
8475225,20232024,0.2299,0.3547
8475225,20242025,0.2907,0.3353
8475225,20252026,,
8475231,20232024,0.1957,0.4345
8475231,20242025,0.2805,0.3592
8475231,20252026,0.2876,0.3182
8475233,20232024,0.3286,0.3481
8475233,20242025,0.2572,0.3338
8475233,20252026,,
8475235,20232024,0.3343,0.2521
8475235,20242025,0.2622,0.2378
8475235,20252026,0.3026,0.3128
8475278,20232024,0.1667,0.3947
8475278,20242025,,
8475278,20252026,,
8475279,20232024,0.2656,0.3696
8475279,20242025,0.3027,0.3637
8475279,20252026,0.3274,0.3466
8475287,20232024,0.3308,0.3319
8475287,20242025,0.298,0.3523
8475287,20252026,0.3399,0.3492
8475314,20232024,0.3883,0.3175
8475314,20242025,0.3387,0.3187
8475314,20252026,0.3692,0.3122
8475324,20232024,0.2624,0.3688
8475324,20242025,0.3358,0.3239
8475324,20252026,0.3152,0.3043
8475343,20232024,0.0796,0.6368
8475343,20242025,0.0941,0.5351
8475343,20252026,0.1766,0.4582
8475413,20232024,0.2,0.4
8475413,20242025,0.2947,0.2816
8475413,20252026,0.0,0.6667
8475455,20232024,0.2637,0.3691
8475455,20242025,0.368,0.2767
8475455,20252026,0.3563,0.3473
8475462,20232024,0.2557,0.3876
8475462,20242025,0.2817,0.4137
8475462,20252026,0.3184,0.3248
8475690,20232024,0.2713,0.3744
8475690,20242025,0.2021,0.4018
8475690,20252026,0.2157,0.3725
8475692,20232024,0.3894,0.26
8475692,20242025,0.3884,0.2921
8475692,20252026,0.3981,0.2621
8475714,20232024,0.3627,0.3285
8475714,20242025,0.1858,0.4044
8475714,20252026,0.1574,0.439
8475718,20232024,0.3326,0.3038
8475718,20242025,0.3766,0.2947
8475718,20252026,0.3152,0.3152
8475722,20232024,0.3163,0.3617
8475722,20242025,0.2958,0.3568
8475722,20252026,0.3604,0.3318
8475726,20232024,0.4095,0.2307
8475726,20242025,0.3401,0.3141
8475726,20252026,0.339,0.3447
8475744,20232024,0.3854,0.2701
8475744,20242025,,
8475744,20252026,,
8475745,20232024,0.2888,0.4187
8475745,20242025,0.276,0.412
8475745,20252026,0.2632,0.4295
8475750,20232024,0.3821,0.2909
8475750,20242025,0.2734,0.3792
8475750,20252026,,
8475752,20232024,0.2201,0.3433
8475752,20242025,,
8475752,20252026,0.1809,0.4874
8475753,20232024,0.3405,0.3713
8475753,20242025,0.3258,0.3517
8475753,20252026,0.3265,0.3359
8475754,20232024,0.3645,0.2867
8475754,20242025,0.3671,0.3271
8475754,20252026,0.3481,0.3315
8475760,20232024,0.2627,0.3861
8475760,20242025,0.2985,0.3173
8475760,20252026,0.2713,0.3547
8475762,20232024,0.1818,0.4522
8475762,20242025,0.2466,0.3936
8475762,20252026,0.3333,0.3333
8475763,20232024,0.2878,0.434
8475763,20242025,0.3161,0.3697
8475763,20252026,0.3359,0.3282
8475764,20232024,0.343,0.3383
8475764,20242025,0.3218,0.361
8475764,20252026,0.368,0.3236
8475765,20232024,0.3429,0.3014
8475765,20242025,0.3377,0.3276
8475765,20252026,0.3063,0.3586
8475766,20232024,0.2392,0.3397
8475766,20242025,0.358,0.2346
8475766,20252026,,
8475768,20232024,0.3605,0.3565
8475768,20242025,0.3191,0.34
8475768,20252026,0.3057,0.3782
8475780,20232024,0.2459,0.3443
8475780,20242025,0.1739,0.4099
8475780,20252026,,
8475784,20232024,0.4044,0.2592
8475784,20242025,0.3773,0.2516
8475784,20252026,0.2697,0.4195
8475786,20232024,0.4383,0.2791
8475786,20242025,0.4483,0.2495
8475786,20252026,0.4261,0.2562
8475790,20232024,0.3049,0.3671
8475790,20242025,0.2325,0.3904
8475790,20252026,0.2506,0.3986
8475791,20232024,0.2857,0.2619
8475791,20242025,0.3521,0.324
8475791,20252026,0.4362,0.2139
8475793,20232024,0.3062,0.3811
8475793,20242025,,
8475793,20252026,,
8475794,20232024,0.3569,0.3349
8475794,20242025,0.4109,0.2868
8475794,20252026,0.2985,0.3969
8475795,20232024,0.3077,0.4231
8475795,20242025,0.3486,0.3086
8475795,20252026,0.2019,0.4038
8475797,20232024,0.1878,0.4567
8475797,20242025,,
8475797,20252026,,
8475798,20232024,0.2931,0.3682
8475798,20242025,0.3181,0.3373
8475798,20252026,0.3278,0.375
8475799,20232024,0.2259,0.3672
8475799,20242025,0.2233,0.3986
8475799,20252026,0.256,0.3505
8475810,20232024,0.3685,0.2588
8475810,20242025,0.4002,0.268
8475810,20252026,0.3775,0.2651
8475825,20232024,0.2112,0.4033
8475825,20242025,0.4545,0.1818
8475825,20252026,,
8475842,20232024,0.2573,0.3903
8475842,20242025,0.1479,0.5105
8475842,20252026,0.1881,0.4357
8475848,20232024,0.3111,0.3358
8475848,20242025,0.2375,0.3341
8475848,20252026,0.3058,0.3283
8475855,20232024,0.3113,0.2919
8475855,20242025,,
8475855,20252026,,
8475906,20232024,0.4682,0.2428
8475906,20242025,0.338,0.3028
8475906,20252026,0.3592,0.3289
8475913,20232024,0.3929,0.3091
8475913,20242025,0.3968,0.2567
8475913,20252026,0.4103,0.2744
8475958,20232024,0.199,0.3979
8475958,20242025,0.4211,0.2105
8475958,20252026,,
8476278,20232024,0.2759,0.3889
8476278,20242025,0.2652,0.3733
8476278,20252026,0.2377,0.3792
8476292,20232024,0.3099,0.3214
8476292,20242025,0.3822,0.2393
8476292,20252026,0.324,0.3355
8476312,20232024,0.2645,0.3609
8476312,20242025,0.2459,0.3564
8476312,20252026,0.2959,0.3516
8476329,20232024,0.3101,0.3488
8476329,20242025,0.0714,0.5714
8476329,20252026,,
8476331,20232024,0.39,0.297
8476331,20242025,0.4022,0.2878
8476331,20252026,0.375,0.2849
8476346,20232024,0.3492,0.3149
8476346,20242025,,
8476346,20252026,,
8476372,20232024,0.3751,0.3073
8476372,20242025,0.3281,0.3174
8476372,20252026,0.3422,0.3134
8476374,20232024,0.217,0.443
8476374,20242025,0.2178,0.4448
8476374,20252026,0.2081,0.4246
8476389,20232024,0.383,0.344
8476389,20242025,0.3898,0.307
8476389,20252026,0.3485,0.3404
8476392,20232024,0.2218,0.3743
8476392,20242025,0.2029,0.4404
8476392,20252026,0.2563,0.4072
8476393,20232024,0.3723,0.3081
8476393,20242025,0.2722,0.3851
8476393,20252026,0.27,0.281
8476399,20232024,0.2606,0.3957
8476399,20242025,0.2902,0.4092
8476399,20252026,0.2282,0.4247
8476419,20232024,0.2355,0.4437
8476419,20242025,0.3295,0.3368
8476419,20252026,0.3047,0.37
8476422,20232024,0.3968,0.2451
8476422,20242025,0.4318,0.2273
8476422,20252026,0.4038,0.2062
8476429,20232024,0.2377,0.4075
8476429,20242025,0.3148,0.3135
8476429,20252026,0.3273,0.2968
8476432,20232024,0.3167,0.3466
8476432,20242025,0.3489,0.3379
8476432,20252026,0.3205,0.3462
8476438,20232024,0.2991,0.3788
8476438,20242025,0.3699,0.31
8476438,20252026,0.3434,0.2981
8476441,20232024,0.2836,0.342
8476441,20242025,0.3644,0.3059
8476441,20252026,0.4038,0.2844
8476442,20232024,0.1207,0.592
8476442,20242025,0.1264,0.5762
8476442,20252026,,
8476448,20232024,0.3511,0.3384
8476448,20242025,0.3948,0.275
8476448,20252026,0.2868,0.3235
8476453,20232024,0.433,0.2512
8476453,20242025,0.4204,0.303
8476453,20252026,0.4367,0.2911
8476454,20232024,0.4187,0.2984
8476454,20242025,0.3408,0.3195
8476454,20252026,0.3897,0.2949
8476456,20232024,0.418,0.2511
8476456,20242025,0.4183,0.251
8476456,20252026,0.4609,0.2205
8476457,20232024,0.4029,0.2657
8476457,20242025,0.3223,0.3591
8476457,20252026,0.2998,0.369
8476458,20232024,0.3243,0.356
8476458,20242025,0.3662,0.3375
8476458,20252026,0.3573,0.2968
8476459,20232024,0.3578,0.2962
8476459,20242025,0.2934,0.3406
8476459,20252026,0.344,0.3129
8476460,20232024,0.4488,0.2835
8476460,20242025,0.4452,0.2706
8476460,20252026,0.4705,0.2472
8476461,20232024,0.3454,0.3223
8476461,20242025,0.3575,0.3457
8476461,20252026,0.2739,0.4146
8476462,20232024,0.3827,0.2809
8476462,20242025,0.4091,0.2616
8476462,20252026,0.3517,0.3058
8476463,20232024,0.3278,0.3225
8476463,20242025,0.3319,0.3136
8476463,20252026,0.3156,0.3427
8476467,20232024,0.2388,0.4512
8476467,20242025,0.2715,0.3866
8476467,20252026,0.287,0.3494
8476468,20232024,0.3294,0.3339
8476468,20242025,0.3274,0.3323
8476468,20252026,0.3276,0.3428
8476469,20232024,0.319,0.3429
8476469,20242025,0.1896,0.3984
8476469,20252026,0.2922,0.3376
8476473,20232024,0.2808,0.3571
8476473,20242025,0.227,0.3908
8476473,20252026,0.234,0.3926
8476474,20232024,0.3892,0.2582
8476474,20242025,0.3075,0.3407
8476474,20252026,0.297,0.3267
8476479,20232024,0.3068,0.3121
8476479,20242025,0.333,0.3448
8476479,20252026,0.2738,0.3979
8476480,20232024,0.3989,0.2744
8476480,20242025,0.4666,0.2281
8476480,20252026,0.3201,0.2958
8476483,20232024,0.4318,0.1924
8476483,20242025,0.4063,0.2465
8476483,20252026,0.388,0.2667
8476525,20232024,0.4077,0.255
8476525,20242025,0.3243,0.3107
8476525,20252026,0.3352,0.3297
8476539,20232024,0.4099,0.2927
8476539,20242025,0.4373,0.2599
8476539,20252026,0.3338,0.3285
8476624,20232024,0.1586,0.4988
8476624,20242025,0.2935,0.3736
8476624,20252026,0.1971,0.4073
8476792,20232024,0.3251,0.3639
8476792,20242025,,
8476792,20252026,,
8476822,20232024,0.2157,0.4471
8476822,20242025,0.2464,0.4681
8476822,20252026,0.2784,0.4192
8476826,20232024,0.3187,0.3289
8476826,20242025,0.2835,0.3453
8476826,20252026,0.2337,0.3574
8476853,20232024,0.3776,0.3034
8476853,20242025,0.4216,0.2866
8476853,20252026,0.4612,0.2508
8476854,20232024,0.2807,0.4061
8476854,20242025,0.3125,0.375
8476854,20252026,0.3177,0.3417
8476856,20232024,0.2693,0.3686
8476856,20242025,0.3696,0.3101
8476856,20252026,0.2923,0.3385
8476858,20232024,0.3243,0.3075
8476858,20242025,0.3288,0.3425
8476858,20252026,,
8476867,20232024,0.2488,0.4146
8476867,20242025,0.2174,0.413
8476867,20252026,0.2048,0.4714
8476869,20232024,0.3612,0.307
8476869,20242025,0.341,0.3046
8476869,20252026,0.271,0.3857
8476871,20232024,0.261,0.3665
8476871,20242025,0.2916,0.3189
8476871,20252026,0.1909,0.4273
8476872,20232024,0.3128,0.3251
8476872,20242025,0.2684,0.3587
8476872,20252026,0.1304,0.5304
8476873,20232024,0.4245,0.2736
8476873,20242025,0.295,0.3156
8476873,20252026,0.3982,0.2709
8476874,20232024,0.3444,0.3166
8476874,20242025,0.3031,0.341
8476874,20252026,0.3221,0.3221
8476875,20232024,0.2855,0.3906
8476875,20242025,0.2919,0.3887
8476875,20252026,0.255,0.3996
8476878,20232024,0.3102,0.3356
8476878,20242025,0.2835,0.3425
8476878,20252026,0.2176,0.3549
8476879,20232024,0.3111,0.3185
8476879,20242025,0.2806,0.3774
8476879,20252026,0.2534,0.3874
8476880,20232024,0.3825,0.2719
8476880,20242025,0.3706,0.3132
8476880,20252026,0.3042,0.3974
8476881,20232024,0.3113,0.3852
8476881,20242025,0.4278,0.2834
8476881,20252026,0.4264,0.2801
8476882,20232024,0.3822,0.2886
8476882,20242025,0.2615,0.3703
8476882,20252026,0.2929,0.3467
8476885,20232024,0.3009,0.3078
8476885,20242025,0.2708,0.3862
8476885,20252026,0.3292,0.341
8476887,20232024,0.4201,0.2679
8476887,20242025,0.4233,0.2445
8476887,20252026,0.3333,0.3224
8476889,20232024,0.2197,0.3623
8476889,20242025,0.1718,0.4154
8476889,20252026,0.1827,0.4262
8476891,20232024,0.3579,0.313
8476891,20242025,0.3768,0.3018
8476891,20252026,0.3594,0.3103
8476892,20232024,0.2756,0.3929
8476892,20242025,0.2825,0.3937
8476892,20252026,0.2934,0.3931
8476897,20232024,0.2389,0.4204
8476897,20242025,0.2322,0.4229
8476897,20252026,0.1828,0.4645
8476902,20232024,0.2546,0.3964
8476902,20242025,0.2404,0.42
8476902,20252026,0.304,0.3282
8476905,20232024,0.4016,0.3108
8476905,20242025,0.3123,0.384
8476905,20252026,0.2284,0.4892
8476906,20232024,0.335,0.299
8476906,20242025,0.3878,0.2597
8476906,20252026,0.4652,0.2061
8476913,20232024,0.3509,0.2544
8476913,20242025,0.2562,0.3747
8476913,20252026,,
8476917,20232024,0.2848,0.4028
8476917,20242025,0.3194,0.3505
8476917,20252026,0.3301,0.3399
8476918,20232024,0.1935,0.4293
8476918,20242025,0.1877,0.4395
8476918,20252026,,
8476919,20232024,0.2899,0.3225
8476919,20242025,,
8476919,20252026,,
8476921,20232024,0.2788,0.3373
8476921,20242025,0.3047,0.3298
8476921,20252026,0.3193,0.3068
8476923,20232024,0.3286,0.3143
8476923,20242025,0.3237,0.3327
8476923,20252026,0.3257,0.3446
8476925,20232024,0.2356,0.403
8476925,20242025,0.1965,0.4199
8476925,20252026,0.2159,0.3887
8476927,20232024,0.252,0.3591
8476927,20242025,0.278,0.3776
8476927,20252026,0.1853,0.4632
8476931,20232024,0.2893,0.3352
8476931,20242025,0.2408,0.3641
8476931,20252026,0.2329,0.4319
8476934,20232024,0.2181,0.4096
8476934,20242025,0.2408,0.4
8476934,20252026,,
8476952,20232024,0.3109,0.3361
8476952,20242025,0.2,0.4
8476952,20252026,0.34,0.34
8476958,20232024,0.3589,0.3052
8476958,20242025,0.3792,0.315
8476958,20252026,0.3289,0.3091
8476960,20232024,0.3284,0.3396
8476960,20242025,0.2143,0.3429
8476960,20252026,,
8476967,20232024,0.3169,0.314
8476967,20242025,0.3512,0.3106
8476967,20252026,0.3213,0.3194
8476979,20232024,0.3854,0.2745
8476979,20242025,0.3888,0.2869
8476979,20252026,0.4545,0.2424
8476981,20232024,0.264,0.3844
8476981,20242025,0.2383,0.3377
8476981,20252026,0.2183,0.3909
8476988,20232024,0.3444,0.3889
8476988,20242025,0.3294,0.2588
8476988,20252026,0.1,0.4
8476994,20232024,0.1481,0.4074
8476994,20242025,0.3234,0.3308
8476994,20252026,0.2539,0.3876
8477015,20232024,0.2703,0.348
8477015,20242025,0.2647,0.3617
8477015,20252026,0.347,0.3047
8477018,20232024,0.4082,0.2454
8477018,20242025,0.3577,0.3089
8477018,20252026,0.4255,0.2379
8477021,20232024,0.316,0.3608
8477021,20242025,0.313,0.328
8477021,20252026,0.271,0.3832
8477034,20232024,0.2907,0.3469
8477034,20242025,0.2805,0.3049
8477034,20252026,0.2308,0.4231
8477070,20232024,0.2904,0.3564
8477070,20242025,0.3059,0.3451
8477070,20252026,0.2997,0.3192
8477073,20232024,0.2295,0.3333
8477073,20242025,0.3495,0.2621
8477073,20252026,0.3816,0.1579
8477220,20232024,0.3252,0.291
8477220,20242025,0.3745,0.2664
8477220,20252026,0.3379,0.3062
8477244,20232024,0.1788,0.4824
8477244,20242025,0.2766,0.3404
8477244,20252026,,
8477330,20232024,0.3365,0.3077
8477330,20242025,,
8477330,20252026,,
8477335,20232024,0.2693,0.3991
8477335,20242025,0.3636,0.3062
8477335,20252026,,
8477346,20232024,0.3582,0.3036
8477346,20242025,0.3488,0.3404
8477346,20252026,0.3443,0.3046
8477353,20232024,0.2276,0.3351
8477353,20242025,0.2988,0.2988
8477353,20252026,,
8477365,20232024,0.3063,0.3354
8477365,20242025,0.2187,0.396
8477365,20252026,0.2092,0.3511
8477369,20232024,0.2438,0.3743
8477369,20242025,0.2805,0.3888
8477369,20252026,0.3084,0.322
8477380,20232024,0.3132,0.3444
8477380,20242025,0.2439,0.377
8477380,20252026,0.2901,0.356
8477384,20232024,0.2966,0.3881
8477384,20242025,0.3645,0.3458
8477384,20252026,,
8477392,20232024,0.2096,0.3428
8477392,20242025,0.2814,0.3241
8477392,20252026,,
8477401,20232024,0.3077,0.4615
8477401,20242025,0.3143,0.219
8477401,20252026,0.0435,0.3478
8477402,20232024,0.3213,0.3315
8477402,20242025,0.3867,0.3383
8477402,20252026,0.3645,0.331
8477404,20232024,0.418,0.2326
8477404,20242025,0.4123,0.2867
8477404,20252026,0.3812,0.3058
8477406,20232024,0.2517,0.3255
8477406,20242025,0.2606,0.3418
8477406,20252026,0.2427,0.4006
8477407,20232024,0.3237,0.3485
8477407,20242025,0.348,0.3374
8477407,20252026,0.3605,0.2824
8477409,20232024,0.3768,0.2762
8477409,20242025,0.3669,0.2836
8477409,20252026,0.3694,0.2972
8477416,20232024,0.346,0.3124
8477416,20242025,0.3405,0.3309
8477416,20252026,0.3219,0.2757
8477425,20232024,0.2326,0.3966
8477425,20242025,0.2598,0.3897
8477425,20252026,0.264,0.42
8477426,20232024,0.2956,0.3463
8477426,20242025,0.2745,0.3847
8477426,20252026,0.3019,0.3365
8477429,20232024,0.2737,0.3826
8477429,20242025,0.3604,0.3442
8477429,20252026,0.3296,0.3236
8477435,20232024,0.2744,0.3859
8477435,20242025,0.2826,0.3875
8477435,20252026,0.2597,0.3372
8477444,20232024,0.3613,0.3298
8477444,20242025,0.3553,0.3391
8477444,20252026,0.3971,0.2439
8477446,20232024,0.2096,0.3743
8477446,20242025,0.117,0.4644
8477446,20252026,0.1893,0.4648
8477447,20232024,0.3967,0.2891
8477447,20242025,0.3944,0.2876
8477447,20252026,0.3575,0.3283
8477450,20232024,0.245,0.3938
8477450,20242025,0.2098,0.4019
8477450,20252026,0.1869,0.4814
8477451,20232024,0.3319,0.3341
8477451,20242025,0.3134,0.3517
8477451,20252026,0.3333,0.3439
8477454,20232024,0.2632,0.3289
8477454,20242025,,
8477454,20252026,0.2417,0.3667
8477456,20232024,0.3051,0.3822
8477456,20242025,0.3373,0.3522
8477456,20252026,0.301,0.3853
8477473,20232024,0.3239,0.354
8477473,20242025,,
8477473,20252026,,
8477476,20232024,0.3927,0.2729
8477476,20242025,0.3959,0.2856
8477476,20252026,0.3745,0.2697
8477478,20232024,0.2476,0.2957
8477478,20242025,0.3315,0.2759
8477478,20252026,0.3213,0.2902
8477479,20232024,0.3635,0.2622
8477479,20242025,0.311,0.3624
8477479,20252026,0.3088,0.3565
8477482,20232024,0.3691,0.2918
8477482,20242025,,
8477482,20252026,,
8477488,20232024,0.368,0.2976
8477488,20242025,0.3371,0.3282
8477488,20252026,0.3828,0.3069
8477492,20232024,0.4601,0.2356
8477492,20242025,0.4496,0.2467
8477492,20252026,0.4581,0.2395
8477493,20232024,0.343,0.3202
8477493,20242025,0.3837,0.288
8477493,20252026,,
8477494,20232024,0.3991,0.2664
8477494,20242025,0.4236,0.2742
8477494,20252026,0.3413,0.3049
8477495,20232024,0.3452,0.3386
8477495,20242025,0.384,0.319
8477495,20252026,0.306,0.3329
8477496,20232024,0.3545,0.3718
8477496,20242025,0.3423,0.3433
8477496,20252026,0.3661,0.3508
8477497,20232024,0.3033,0.3992
8477497,20242025,0.3676,0.3202
8477497,20252026,0.333,0.3572
8477498,20232024,0.3203,0.3227
8477498,20242025,0.3529,0.3012
8477498,20252026,0.3486,0.3089
8477499,20232024,0.3981,0.3189
8477499,20242025,0.28,0.4025
8477499,20252026,0.2855,0.3832
8477500,20232024,0.4047,0.3207
8477500,20242025,0.3502,0.3198
8477500,20252026,0.3588,0.3149
8477501,20232024,0.3961,0.2868
8477501,20242025,0.3867,0.2961
8477501,20252026,0.3227,0.3341
8477503,20232024,0.3988,0.2559
8477503,20242025,0.3817,0.2889
8477503,20252026,0.3594,0.3487
8477504,20232024,0.4212,0.2758
8477504,20242025,0.4413,0.2659
8477504,20252026,0.4239,0.2595
8477505,20232024,0.3165,0.3842
8477505,20242025,0.3045,0.358
8477505,20252026,0.2674,0.4066
8477506,20232024,0.2551,0.3938
8477506,20242025,0.3053,0.3492
8477506,20252026,0.313,0.3257
8477507,20232024,0.2925,0.3381
8477507,20242025,0.3034,0.3817
8477507,20252026,0.2967,0.3854
8477508,20232024,0.2729,0.36
8477508,20242025,0.2513,0.3744
8477508,20252026,0.2169,0.4451
8477511,20232024,0.2999,0.3231
8477511,20242025,0.2937,0.3776
8477511,20252026,0.3859,0.2224
8477527,20232024,0.299,0.3333
8477527,20242025,0.2088,0.3973
8477527,20252026,0.2786,0.4008
8477541,20232024,0.342,0.2925
8477541,20242025,0.2857,0.3333
8477541,20252026,0.3407,0.3187
8477573,20232024,0.2305,0.3234
8477573,20242025,0.1746,0.3697
8477573,20252026,0.2145,0.4065
8477810,20232024,0.2821,0.3608
8477810,20242025,0.3604,0.3363
8477810,20252026,0.4184,0.2647
8477839,20232024,0.2789,0.2854
8477839,20242025,0.2667,0.3333
8477839,20252026,0.3062,0.3554
8477845,20232024,0.2951,0.3509
8477845,20242025,0.307,0.3493
8477845,20252026,0.2585,0.3513
8477846,20232024,0.2767,0.3753
8477846,20242025,,
8477846,20252026,,
8477851,20232024,0.3598,0.3084
8477851,20242025,0.3157,0.3333
8477851,20252026,0.4286,0.1429
8477887,20232024,0.05,0.5125
8477887,20242025,0.1258,0.5723
8477887,20252026,,
8477903,20232024,0.2679,0.3355
8477903,20242025,0.2013,0.3715
8477903,20252026,0.2461,0.3661
8477919,20232024,0.2938,0.3836
8477919,20242025,0.3117,0.3464
8477919,20252026,0.1845,0.5278
8477930,20232024,0.246,0.3548
8477930,20242025,,
8477930,20252026,,
8477931,20232024,0.2768,0.3432
8477931,20242025,0.2854,0.3026
8477931,20252026,0.3367,0.2764
8477932,20232024,0.3342,0.341
8477932,20242025,0.3617,0.3279
8477932,20252026,0.347,0.3148
8477933,20232024,0.3507,0.3288
8477933,20242025,0.3822,0.2848
8477933,20252026,0.3362,0.33
8477934,20232024,0.3897,0.3095
8477934,20242025,0.4319,0.2709
8477934,20252026,0.4237,0.2617
8477935,20232024,0.3894,0.2656
8477935,20242025,0.3803,0.2768
8477935,20252026,0.3626,0.2747
8477938,20232024,0.2334,0.3628
8477938,20242025,0.2361,0.3808
8477938,20252026,0.3378,0.3345
8477939,20232024,0.3704,0.2804
8477939,20242025,0.36,0.3149
8477939,20252026,0.4299,0.2739
8477940,20232024,0.4167,0.2832
8477940,20242025,0.4522,0.2637
8477940,20252026,0.4004,0.2745
8477942,20232024,0.3289,0.3206
8477942,20242025,0.3528,0.3207
8477942,20252026,0.367,0.2939
8477944,20232024,0.3926,0.3436
8477944,20242025,0.391,0.2276
8477944,20252026,,
8477946,20232024,0.2971,0.3384
8477946,20242025,0.3091,0.3594
8477946,20252026,0.301,0.3833
8477947,20232024,0.3704,0.3062
8477947,20242025,0.2632,0.2632
8477947,20252026,0.3767,0.2603
8477948,20232024,0.3266,0.286
8477948,20242025,0.298,0.3323
8477948,20252026,0.2701,0.3675
8477949,20232024,0.3641,0.3023
8477949,20242025,0.3294,0.3102
8477949,20252026,0.3698,0.2927
8477950,20232024,0.4141,0.2853
8477950,20242025,0.3481,0.314
8477950,20252026,0.394,0.3071
8477951,20232024,0.3346,0.3171
8477951,20242025,0.403,0.2976
8477951,20252026,0.4054,0.265
8477952,20232024,0.2873,0.368
8477952,20242025,0.3083,0.3985
8477952,20252026,0.2647,0.3706
8477953,20232024,0.2775,0.3838
8477953,20242025,0.3475,0.2979
8477953,20252026,0.3201,0.3102
8477955,20232024,0.3689,0.348
8477955,20242025,0.3354,0.3445
8477955,20252026,0.394,0.2864
8477956,20232024,0.4302,0.3035
8477956,20242025,0.4904,0.2282
8477956,20252026,0.4073,0.3151
8477960,20232024,0.345,0.342
8477960,20242025,0.3251,0.3315
8477960,20252026,0.4151,0.2865
8477962,20232024,0.3707,0.2537
8477962,20242025,,
8477962,20252026,,
8477964,20232024,0.3897,0.2922
8477964,20242025,0.4011,0.2825
8477964,20252026,0.4295,0.2725
8477969,20232024,0.3149,0.3295
8477969,20242025,0.2872,0.3805
8477969,20252026,0.247,0.4141
8477971,20232024,0.3955,0.2903
8477971,20242025,0.1962,0.3706
8477971,20252026,0.2308,0.3077
8477979,20232024,0.0883,0.6123
8477979,20242025,0.1793,0.3862
8477979,20252026,0.4118,0.2941
8477986,20232024,0.3534,0.3018
8477986,20242025,0.3076,0.3552
8477986,20252026,0.3654,0.3512
8477987,20232024,0.2876,0.3439
8477987,20242025,0.3174,0.3424
8477987,20252026,0.255,0.3849
8477989,20232024,0.2703,0.4234
8477989,20242025,0.2328,0.4085
8477989,20252026,0.3443,0.3433
8477993,20232024,0.2,0.3333
8477993,20242025,0.1957,0.5163
8477993,20252026,0.2613,0.3333
8477998,20232024,0.3245,0.3082
8477998,20242025,0.3314,0.3236
8477998,20252026,0.2992,0.3566
8478010,20232024,0.4273,0.2595
8478010,20242025,0.4232,0.2998
8478010,20252026,0.4321,0.2807
8478013,20232024,0.2787,0.3975
8478013,20242025,0.3507,0.3312
8478013,20252026,0.3836,0.2948
8478017,20232024,0.3867,0.2356
8478017,20242025,0.3636,0.3182
8478017,20252026,,
8478020,20232024,0.3369,0.3222
8478020,20242025,0.2343,0.4081
8478020,20252026,0.1948,0.4086
8478021,20232024,0.3051,0.291
8478021,20242025,0.375,0.2273
8478021,20252026,,
8478028,20232024,0.1906,0.3372
8478028,20242025,,
8478028,20252026,,
8478038,20232024,0.4219,0.2663
8478038,20242025,0.4072,0.2879
8478038,20252026,0.4104,0.2681
8478042,20232024,0.3505,0.2629
8478042,20242025,0.3669,0.3114
8478042,20252026,0.3004,0.3818
8478043,20232024,0.3004,0.3019
8478043,20242025,0.2274,0.3775
8478043,20252026,0.3176,0.2706
8478046,20232024,0.2943,0.358
8478046,20242025,0.3297,0.2967
8478046,20252026,0.274,0.4063
8478047,20232024,0.4317,0.2301
8478047,20242025,0.3642,0.2628
8478047,20252026,0.4021,0.3003
8478051,20232024,0.2821,0.359
8478051,20242025,,
8478051,20252026,,
8478055,20232024,0.3307,0.3282
8478055,20242025,0.3769,0.3119
8478055,20252026,0.3602,0.3141
8478057,20232024,0.272,0.3613
8478057,20242025,0.3053,0.3481
8478057,20252026,0.1862,0.3985
8478078,20232024,0.2741,0.3037
8478078,20242025,,
8478078,20252026,,
8478099,20232024,0.2809,0.4098
8478099,20242025,0.2662,0.365
8478099,20252026,,
8478104,20232024,0.3369,0.3182
8478104,20242025,,
8478104,20252026,0.3134,0.2612
8478109,20232024,0.3506,0.3195
8478109,20242025,0.3673,0.2747
8478109,20252026,0.3621,0.317
8478115,20232024,0.3594,0.2752
8478115,20242025,0.2993,0.3299
8478115,20252026,,
8478133,20232024,0.2252,0.4473
8478133,20242025,0.1805,0.4212
8478133,20252026,0.1869,0.4237
8478136,20232024,0.2858,0.3642
8478136,20242025,0.3039,0.3455
8478136,20252026,0.303,0.3588
8478146,20232024,0.1481,0.2222
8478146,20242025,0.2853,0.2825
8478146,20252026,,
8478147,20232024,0.3462,0.2308
8478147,20242025,0.2899,0.2754
8478147,20252026,0.3571,0.3571
8478178,20232024,0.3675,0.2852
8478178,20242025,0.4487,0.2732
8478178,20252026,0.3657,0.3194
8478211,20232024,0.3695,0.3052
8478211,20242025,0.3171,0.2683
8478211,20252026,0.2273,0.6364
8478233,20232024,0.3007,0.3711
8478233,20242025,0.2859,0.3194
8478233,20252026,0.3328,0.331
8478366,20232024,0.343,0.3631
8478366,20242025,0.3624,0.3446
8478366,20252026,0.2971,0.3787
8478396,20232024,0.3054,0.3466
8478396,20242025,0.3638,0.279
8478396,20252026,0.4021,0.2681
8478397,20232024,0.3809,0.2981
8478397,20242025,0.3497,0.349
8478397,20252026,0.3598,0.3201
8478398,20232024,0.4582,0.2835
8478398,20242025,0.4516,0.2581
8478398,20252026,0.4714,0.2426
8478399,20232024,0.3367,0.3032
8478399,20242025,0.2542,0.3824
8478399,20252026,0.2958,0.3525
8478400,20232024,0.2449,0.3673
8478400,20242025,,
8478400,20252026,,
8478401,20232024,0.4004,0.3311
8478401,20242025,0.4487,0.2632
8478401,20252026,0.3111,0.3917
8478402,20232024,0.4413,0.2663
8478402,20242025,0.4609,0.2329
8478402,20252026,0.4407,0.2476
8478403,20232024,0.4225,0.27
8478403,20242025,0.3943,0.2763
8478403,20252026,0.4436,0.2747
8478407,20232024,0.4038,0.2708
8478407,20242025,0.3397,0.3302
8478407,20252026,0.3305,0.3521
8478408,20232024,0.272,0.3901
8478408,20242025,0.3069,0.3492
8478408,20252026,,
8478409,20232024,0.2533,0.3067
8478409,20242025,0.3259,0.2741
8478409,20252026,0.5,0.5
8478413,20232024,0.3234,0.3519
8478413,20242025,0.3,0.3545
8478413,20252026,0.192,0.4187
8478414,20232024,0.3333,0.3137
8478414,20242025,0.3113,0.3671
8478414,20252026,0.3075,0.3741
8478416,20232024,0.2532,0.3614
8478416,20242025,0.247,0.3927
8478416,20252026,0.267,0.3556
8478420,20232024,0.4584,0.254
8478420,20242025,0.4202,0.2651
8478420,20252026,0.3854,0.293
8478421,20232024,0.2596,0.359
8478421,20242025,0.3063,0.2905
8478421,20252026,0.3692,0.2824
8478424,20232024,0.1078,0.5686
8478424,20242025,0.1579,0.4474
8478424,20252026,0.3025,0.3796
8478427,20232024,0.4326,0.2874
8478427,20242025,0.4521,0.2678
8478427,20252026,0.4486,0.2606
8478430,20232024,0.3813,0.281
8478430,20242025,0.3731,0.3005
8478430,20252026,,
8478432,20232024,0.3031,0.3522
8478432,20242025,0.26,0.395
8478432,20252026,,
8478434,20232024,0.1686,0.3501
8478434,20242025,0.2979,0.3183
8478434,20252026,0.2312,0.3296
8478438,20232024,0.4582,0.1796
8478438,20242025,0.3923,0.2439
8478438,20252026,0.4195,0.2357
8478439,20232024,0.4084,0.2546
8478439,20242025,0.3965,0.2871
8478439,20252026,0.3398,0.3279
8478440,20232024,0.4355,0.2419
8478440,20242025,0.5276,0.1518
8478440,20252026,0.4879,0.2357
8478443,20232024,0.1418,0.4841
8478443,20242025,0.2183,0.4376
8478443,20252026,0.2608,0.3448
8478444,20232024,0.3346,0.3242
8478444,20242025,0.3807,0.3018
8478444,20252026,0.3513,0.3565
8478445,20232024,0.4207,0.2859
8478445,20242025,0.3669,0.2974
8478445,20252026,0.3885,0.2863
8478449,20232024,0.3659,0.3261
8478449,20242025,0.3185,0.3363
8478449,20252026,0.3057,0.3614
8478450,20232024,0.2195,0.3727
8478450,20242025,0.2672,0.375
8478450,20252026,0.3242,0.3266
8478451,20232024,0.3596,0.2996
8478451,20242025,,
8478451,20252026,,
8478452,20232024,0.2206,0.3873
8478452,20242025,0.4308,0.2154
8478452,20252026,0.2381,0.4405
8478454,20232024,0.3057,0.3615
8478454,20242025,0.2394,0.4554
8478454,20252026,0.3742,0.2736
8478458,20232024,0.3611,0.2681
8478458,20242025,0.3805,0.2899
8478458,20252026,0.3993,0.2816
8478460,20232024,0.3687,0.3194
8478460,20242025,0.3828,0.2933
8478460,20252026,0.3868,0.3072
8478462,20232024,0.2621,0.3421
8478462,20242025,0.2662,0.3522
8478462,20252026,0.2341,0.4393
8478463,20232024,0.3293,0.3517
8478463,20242025,0.3062,0.3296
8478463,20252026,0.3775,0.3212
8478466,20232024,0.3148,0.3339
8478466,20242025,0.3551,0.2897
8478466,20252026,,
8478468,20232024,0.2273,0.3831
8478468,20242025,0.2369,0.3441
8478468,20252026,0.3122,0.3165
8478469,20232024,0.3891,0.2705
8478469,20242025,0.3809,0.3127
8478469,20252026,0.356,0.2881
8478472,20232024,0.3282,0.3246
8478472,20242025,0.2205,0.3563
8478472,20252026,0.2511,0.3455
8478474,20232024,0.2746,0.3698
8478474,20242025,0.2769,0.2879
8478474,20252026,0.3424,0.3171
8478477,20232024,0.2571,0.3357
8478477,20242025,0.3776,0.3636
8478477,20252026,,
8478483,20232024,0.3485,0.2749
8478483,20242025,0.3251,0.3383
8478483,20252026,0.4508,0.2572
8478493,20232024,0.3226,0.3189
8478493,20242025,0.2811,0.3432
8478493,20252026,0.2994,0.3531
8478495,20232024,0.2347,0.3061
8478495,20242025,,
8478495,20252026,,
8478498,20232024,0.328,0.3525
8478498,20242025,0.3317,0.3452
8478498,20252026,0.328,0.3693
8478500,20232024,0.3068,0.3347
8478500,20242025,0.3055,0.3513
8478500,20252026,0.3129,0.3615
8478502,20232024,0.3921,0.3201
8478502,20242025,0.2588,0.2863
8478502,20252026,0.3333,0.3095
8478507,20232024,0.2767,0.3185
8478507,20242025,0.34,0.3433
8478507,20252026,0.322,0.3313
8478508,20232024,0.2171,0.409
8478508,20242025,0.2507,0.3936
8478508,20252026,0.2506,0.4126
8478512,20232024,0.2987,0.3723
8478512,20242025,,
8478512,20252026,,
8478519,20232024,0.2616,0.3522
8478519,20242025,0.2804,0.3857
8478519,20252026,0.369,0.3232
8478542,20232024,0.3609,0.3086
8478542,20242025,0.4067,0.3104
8478542,20252026,0.3447,0.3242
8478550,20232024,0.5201,0.1286
8478550,20242025,0.4289,0.2201
8478550,20252026,0.4513,0.2602
8478569,20232024,0.1049,0.6244
8478569,20242025,0.1519,0.5727
8478569,20252026,0.1065,0.5926
8478585,20232024,0.2619,0.362
8478585,20242025,0.3047,0.3907
8478585,20252026,,
8478831,20232024,0.2864,0.3598
8478831,20242025,0.2744,0.4583
8478831,20252026,0.2199,0.4653
8478840,20232024,0.2392,0.4472
8478840,20242025,0.254,0.354
8478840,20252026,0.2959,0.368
8478851,20232024,0.2379,0.3697
8478851,20242025,0.2553,0.3917
8478851,20252026,0.2584,0.3676
8478854,20232024,0.2439,0.3943
8478854,20242025,0.2365,0.3626
8478854,20252026,0.3104,0.3438
8478856,20232024,0.3017,0.3475
8478856,20242025,0.3447,0.3385
8478856,20252026,0.2914,0.3957
8478859,20232024,0.3463,0.2938
8478859,20242025,0.3713,0.2782
8478859,20252026,0.3221,0.3221
8478864,20232024,0.3945,0.2549
8478864,20242025,0.4204,0.2442
8478864,20252026,0.3911,0.2719
8478873,20232024,0.3318,0.3352
8478873,20242025,0.3596,0.3549
8478873,20252026,0.366,0.2878
8478874,20232024,0.4167,0.25
8478874,20242025,0.4088,0.223
8478874,20252026,0.2303,0.4211
8478882,20232024,0.3351,0.3411
8478882,20242025,0.2672,0.3907
8478882,20252026,0.3497,0.3114
8478891,20232024,0.2266,0.3636
8478891,20242025,0.1883,0.434
8478891,20252026,0.2926,0.3552
8478904,20232024,0.297,0.3045
8478904,20242025,0.1454,0.4165
8478904,20252026,0.1567,0.4313
8478911,20232024,0.3253,0.3277
8478911,20242025,0.2859,0.343
8478911,20252026,0.3257,0.3595
8478970,20232024,0.3691,0.2482
8478970,20242025,0.3406,0.289
8478970,20252026,0.3744,0.2909
8478975,20232024,0.3592,0.3252
8478975,20242025,0.3515,0.3291
8478975,20252026,0.4029,0.2524
8479022,20232024,,
8479022,20242025,0.4375,0.2778
8479022,20252026,0.2454,0.319
8479026,20232024,0.5161,0.1935
8479026,20242025,0.341,0.3158
8479026,20252026,0.2713,0.3928
8479066,20232024,0.2709,0.3101
8479066,20242025,0.2535,0.4192
8479066,20252026,0.2332,0.3499
8479291,20232024,0.2019,0.4977
8479291,20242025,0.2513,0.4074
8479291,20252026,0.2727,0.5455
8479293,20232024,0.3228,0.3544
8479293,20242025,0.2582,0.3557
8479293,20252026,0.2467,0.3612
8479314,20232024,0.3963,0.2505
8479314,20242025,0.3709,0.2726
8479314,20252026,0.3266,0.2663
8479315,20232024,0.2454,0.3765
8479315,20242025,0.2013,0.4214
8479315,20252026,,
8479316,20232024,0.2894,0.3944
8479316,20242025,0.2793,0.3634
8479316,20252026,0.3217,0.3326
8479318,20232024,0.3637,0.2557
8479318,20242025,0.3594,0.2961
8479318,20252026,0.3743,0.3245
8479323,20232024,0.4109,0.2874
8479323,20242025,0.449,0.2552
8479323,20252026,0.3647,0.2864
8479324,20232024,0.3818,0.3289
8479324,20242025,0.3613,0.3076
8479324,20252026,0.3032,0.3827
8479325,20232024,0.417,0.3059
8479325,20242025,0.4156,0.2678
8479325,20252026,0.3568,0.3475
8479328,20232024,0.2,0.3736
8479328,20242025,0.0,0.3333
8479328,20252026,,
8479336,20232024,0.3545,0.2888
8479336,20242025,0.2559,0.3483
8479336,20252026,0.2911,0.3241
8479337,20232024,0.3113,0.3132
8479337,20242025,0.3767,0.3205
8479337,20252026,0.3461,0.3402
8479339,20232024,0.3842,0.2599
8479339,20242025,0.4843,0.1904
8479339,20252026,0.1333,0.5
8479343,20232024,0.3305,0.3064
8479343,20242025,0.4166,0.2662
8479343,20252026,0.4253,0.2323
8479344,20232024,0.319,0.4049
8479344,20242025,0.2792,0.3245
8479344,20252026,,
8479345,20232024,0.3668,0.3208
8479345,20242025,0.3947,0.2805
8479345,20252026,0.4033,0.2877
8479346,20232024,0.3571,0.2857
8479346,20242025,,
8479346,20252026,,
8479351,20232024,0.2438,0.3451
8479351,20242025,0.2568,0.345
8479351,20252026,0.3549,0.2976
8479353,20232024,0.2932,0.3444
8479353,20242025,0.3489,0.3153
8479353,20252026,0.302,0.2849
8479356,20232024,,
8479356,20242025,0.2132,0.3824
8479356,20252026,,
8479359,20232024,0.0697,0.6315
8479359,20242025,0.1901,0.34
8479359,20252026,0.1391,0.4098
8479362,20232024,0.3778,0.4
8479362,20242025,0.24,0.34
8479362,20252026,0.1613,0.5161
8479365,20232024,0.2703,0.3491
8479365,20242025,0.2822,0.3624
8479365,20252026,0.2673,0.3506
8479367,20232024,0.3056,0.3222
8479367,20242025,,
8479367,20252026,,
8479368,20232024,0.2622,0.3633
8479368,20242025,0.3441,0.2796
8479368,20252026,0.2877,0.2808
8479369,20232024,0.2599,0.3568
8479369,20242025,0.3179,0.3517
8479369,20252026,0.2795,0.3808
8479370,20232024,0.317,0.3372
8479370,20242025,0.3951,0.2888
8479370,20252026,0.3017,0.3683
8479371,20232024,0.3753,0.2932
8479371,20242025,0.354,0.323
8479371,20252026,0.3249,0.3611
8479372,20232024,0.3684,0.2491
8479372,20242025,0.3507,0.2884
8479372,20252026,0.2595,0.3779
8479378,20232024,0.2937,0.3175
8479378,20242025,0.2284,0.3642
8479378,20252026,0.2898,0.358
8479379,20232024,0.2845,0.364
8479379,20242025,0.0577,0.4231
8479379,20252026,,
8479383,20232024,0.3193,0.3659
8479383,20242025,,
8479383,20252026,0.4545,0.1818
8479385,20232024,0.3675,0.3001
8479385,20242025,0.3964,0.3078
8479385,20252026,0.4154,0.2341
8479387,20232024,,
8479387,20242025,0.2548,0.3503
8479387,20252026,0.0952,0.3333
8479390,20232024,0.3456,0.3527
8479390,20242025,0.2302,0.4262
8479390,20252026,0.2457,0.4008
8479393,20232024,0.1833,0.4277
8479393,20242025,0.2613,0.299
8479393,20252026,0.3556,0.2993
8479395,20232024,,
8479395,20242025,0.377,0.2754
8479395,20252026,0.2813,0.3938
8479398,20232024,0.2967,0.3424
8479398,20242025,0.3287,0.3014
8479398,20252026,0.3273,0.3418
8479400,20232024,0.3734,0.3046
8479400,20242025,0.3227,0.3555
8479400,20252026,0.2923,0.3954
8479402,20232024,0.3245,0.3383
8479402,20242025,0.4243,0.2631
8479402,20252026,0.3476,0.2888
8479407,20232024,0.347,0.2876
8479407,20242025,0.4397,0.2094
8479407,20252026,0.4343,0.2626
8479410,20232024,0.334,0.295
8479410,20242025,0.3432,0.3257
8479410,20252026,0.3423,0.332
8479414,20232024,0.2377,0.3876
8479414,20242025,0.2603,0.3536
8479414,20252026,0.277,0.3803
8479415,20232024,0.2509,0.3959
8479415,20242025,,
8479415,20252026,,
8479420,20232024,0.3816,0.2797
8479420,20242025,0.3356,0.3001
8479420,20252026,0.3796,0.2858
8479421,20232024,0.2739,0.3304
8479421,20242025,0.3064,0.2857
8479421,20252026,0.3762,0.297
8479423,20232024,0.3684,0.3352
8479423,20242025,0.3333,0.25
8479423,20252026,,
8479425,20232024,0.4027,0.2831
8479425,20242025,0.3652,0.3106
8479425,20252026,0.37,0.33
8479439,20232024,0.3378,0.3478
8479439,20242025,,
8479439,20252026,,
8479442,20232024,0.3003,0.3615
8479442,20242025,0.3225,0.3211
8479442,20252026,0.2731,0.3617
8479458,20232024,0.4324,0.2727
8479458,20242025,,
8479458,20252026,,
8479514,20232024,0.45,0.2125
8479514,20242025,,
8479514,20252026,,
8479520,20232024,0.2599,0.393
8479520,20242025,0.0956,0.5185
8479520,20252026,0.1431,0.4944
8479523,20232024,,
8479523,20242025,0.352,0.3418
8479523,20252026,,
8479525,20232024,0.2517,0.391
8479525,20242025,0.3362,0.3263
8479525,20252026,0.3101,0.3565
8479533,20232024,0.0435,0.7391
8479533,20242025,0.1346,0.5288
8479533,20252026,0.1667,0.5
8479536,20232024,0.2,0.36
8479536,20242025,,
8479536,20252026,,
8479542,20232024,0.3141,0.3025
8479542,20242025,0.2855,0.3815
8479542,20252026,0.3922,0.326
8479543,20232024,0.2259,0.3404
8479543,20242025,0.2558,0.3256
8479543,20252026,0.1277,0.234
8479546,20232024,0.1379,0.387
8479546,20242025,,
8479546,20252026,,
8479547,20232024,0.35,0.3
8479547,20242025,,
8479547,20252026,,
8479576,20232024,0.3209,0.3209
8479576,20242025,0.3321,0.3105
8479576,20252026,0.2467,0.3848
8479591,20232024,0.2472,0.313
8479591,20242025,0.2896,0.3239
8479591,20252026,0.2654,0.3673
8479619,20232024,0.3294,0.3222
8479619,20242025,0.3504,0.3366
8479619,20252026,0.2876,0.3231
8479638,20232024,0.1678,0.3357
8479638,20242025,0.2975,0.3468
8479638,20252026,0.3599,0.2477
8479661,20232024,0.2461,0.3543
8479661,20242025,0.3339,0.2875
8479661,20252026,0.2424,0.3636
8479671,20232024,0.2528,0.3589
8479671,20242025,0.2689,0.3732
8479671,20252026,0.2691,0.3925
8479675,20232024,0.3082,0.3092
8479675,20242025,0.3298,0.3383
8479675,20252026,0.2925,0.3469
8479718,20232024,0.3723,0.2336
8479718,20242025,0.2222,0.2222
8479718,20252026,0.5455,0.0
8479772,20232024,0.3423,0.2819
8479772,20242025,0.4167,0.2417
8479772,20252026,0.75,0.1667
8479941,20232024,0.2932,0.3896
8479941,20242025,0.2585,0.3722
8479941,20252026,0.4545,0.3333
8479944,20232024,0.1667,0.4444
8479944,20242025,0.2576,0.3852
8479944,20252026,0.1762,0.4767
8479968,20232024,0.2022,0.4632
8479968,20242025,0.278,0.3538
8479968,20252026,,
8479972,20232024,0.22,0.44
8479972,20242025,,
8479972,20252026,,
8479976,20232024,0.3117,0.3257
8479976,20242025,0.4165,0.2478
8479976,20252026,,
8479977,20232024,0.3544,0.2937
8479977,20242025,0.383,0.3936
8479977,20252026,0.29,0.3253
8479980,20232024,0.3008,0.3439
8479980,20242025,0.3311,0.3158
8479980,20252026,0.2996,0.3529
8479981,20232024,0.3068,0.2948
8479981,20242025,0.3072,0.273
8479981,20252026,0.2987,0.4026
8479982,20232024,0.4175,0.2421
8479982,20242025,0.3529,0.2987
8479982,20252026,0.2925,0.362
8479983,20232024,0.3005,0.3729
8479983,20242025,0.2678,0.3641
8479983,20252026,0.2714,0.3919
8479985,20232024,0.7273,0.0
8479985,20242025,0.4173,0.3094
8479985,20252026,0.2094,0.4007
8479987,20232024,0.2943,0.3955
8479987,20242025,0.4668,0.212
8479987,20252026,0.3757,0.3253
8479992,20232024,0.2609,0.3892
8479992,20242025,0.3128,0.3563
8479992,20252026,0.2989,0.358
8479994,20232024,0.366,0.2906
8479994,20242025,0.2449,0.3469
8479994,20252026,,
8479996,20232024,0.3325,0.323
8479996,20242025,0.3215,0.3262
8479996,20252026,0.3221,0.3532
8479998,20232024,0.3077,0.3186
8479998,20242025,0.2776,0.3722
8479998,20252026,0.2681,0.3656
8479999,20232024,0.3698,0.3184
8479999,20242025,0.3632,0.3137
8479999,20252026,0.3083,0.3885
8480001,20232024,0.2793,0.3721
8480001,20242025,0.2255,0.3804
8480001,20252026,0.2355,0.4266
8480002,20232024,0.3079,0.3136
8480002,20242025,0.3312,0.3515
8480002,20252026,0.3321,0.3587
8480003,20232024,0.1941,0.3537
8480003,20242025,0.3806,0.2869
8480003,20252026,0.3251,0.2915
8480007,20232024,0.1548,0.375
8480007,20242025,0.3656,0.3118
8480007,20252026,0.3143,0.2286
8480008,20232024,0.3051,0.2941
8480008,20242025,,
8480008,20252026,,
8480009,20232024,0.3269,0.3139
8480009,20242025,0.3466,0.3145
8480009,20252026,0.2698,0.4372
8480011,20232024,0.3407,0.3165
8480011,20242025,0.2887,0.3471
8480011,20252026,,
8480012,20232024,0.3656,0.3182
8480012,20242025,0.3471,0.3546
8480012,20252026,0.3596,0.3523
8480014,20232024,0.4385,0.2582
8480014,20242025,0.4547,0.2296
8480014,20252026,0.4545,0.2554
8480015,20232024,0.3979,0.2682
8480015,20242025,0.3917,0.2851
8480015,20252026,0.3057,0.355
8480018,20232024,0.3405,0.3111
8480018,20242025,0.3763,0.302
8480018,20252026,0.3465,0.3146
8480021,20232024,0.2205,0.3744
8480021,20242025,,
8480021,20252026,0.3071,0.2598
8480023,20232024,0.34,0.3425
8480023,20242025,0.3707,0.3495
8480023,20252026,0.3896,0.3366
8480025,20232024,0.2794,0.3434
8480025,20242025,,
8480025,20252026,,
8480027,20232024,0.3625,0.327
8480027,20242025,0.3078,0.3559
8480027,20252026,0.3212,0.3475
8480028,20232024,0.4196,0.2162
8480028,20242025,0.4343,0.2402
8480028,20252026,0.4507,0.23
8480032,20232024,0.2632,0.2632
8480032,20242025,0.4091,0.1364
8480032,20252026,,
8480035,20232024,0.3573,0.323
8480035,20242025,0.3219,0.3438
8480035,20252026,0.2869,0.3694
8480036,20232024,0.4165,0.2903
8480036,20242025,0.3862,0.2966
8480036,20252026,0.3804,0.3049
8480039,20232024,0.3991,0.26
8480039,20242025,0.4038,0.2669
8480039,20252026,0.4295,0.2618
8480043,20232024,0.4084,0.2814
8480043,20242025,0.3324,0.3476
8480043,20252026,0.2586,0.408
8480049,20232024,0.3069,0.313
8480049,20242025,0.2827,0.3773
8480049,20252026,0.2962,0.3544
8480058,20232024,0.2872,0.3274
8480058,20242025,0.3184,0.3017
8480058,20252026,0.3404,0.2979
8480064,20232024,0.3338,0.2969
8480064,20242025,0.2513,0.3796
8480064,20252026,0.3193,0.3577
8480068,20232024,0.295,0.3301
8480068,20242025,0.2187,0.3755
8480068,20252026,0.2703,0.3876
8480069,20232024,0.4538,0.2465
8480069,20242025,0.4368,0.2753
8480069,20252026,0.4328,0.2609
8480070,20232024,0.293,0.293
8480070,20242025,0.3497,0.3552
8480070,20252026,,
8480073,20232024,0.3532,0.3015
8480073,20242025,0.4377,0.2222
8480073,20252026,,
8480074,20232024,0.3191,0.3433
8480074,20242025,0.2952,0.2989
8480074,20252026,0.2814,0.3453
8480078,20232024,0.4118,0.1765
8480078,20242025,0.3845,0.2455
8480078,20252026,0.4326,0.2908
8480084,20232024,0.3961,0.2556
8480084,20242025,0.3736,0.283
8480084,20252026,0.3275,0.308
8480113,20232024,0.3754,0.2936
8480113,20242025,0.2796,0.3693
8480113,20252026,0.3603,0.2817
8480144,20232024,0.1913,0.4774
8480144,20242025,0.1467,0.4244
8480144,20252026,0.2667,0.4078
8480145,20232024,0.3011,0.3536
8480145,20242025,0.297,0.3618
8480145,20252026,0.3512,0.2989
8480172,20232024,0.2639,0.3772
8480172,20242025,0.2865,0.3561
8480172,20252026,,
8480184,20232024,0.2467,0.371
8480184,20242025,,
8480184,20252026,,
8480185,20232024,0.3651,0.2752
8480185,20242025,0.3773,0.2856
8480185,20252026,0.2849,0.3242
8480188,20232024,0.2922,0.3644
8480188,20242025,0.3569,0.3154
8480188,20252026,0.3532,0.2659
8480192,20232024,0.2474,0.3953
8480192,20242025,0.243,0.383
8480192,20252026,0.2703,0.3978
8480196,20232024,0.2744,0.3668
8480196,20242025,0.2348,0.3542
8480196,20252026,0.293,0.3123
8480205,20232024,0.3575,0.3114
8480205,20242025,0.3182,0.3068
8480205,20252026,,
8480208,20232024,0.3681,0.277
8480208,20242025,0.3186,0.3234
8480208,20252026,0.4595,0.2164
8480220,20232024,0.3073,0.3354
8480220,20242025,0.2361,0.3956
8480220,20252026,0.3395,0.2966
8480222,20232024,0.4286,0.2237
8480222,20242025,,
8480222,20252026,,
8480245,20232024,0.3704,0.2296
8480245,20242025,0.3469,0.2993
8480245,20252026,0.3784,0.1622
8480246,20232024,0.3048,0.3113
8480246,20242025,0.3272,0.3284
8480246,20252026,0.3074,0.3493
8480252,20232024,0.3318,0.35
8480252,20242025,,
8480252,20252026,,
8480259,20232024,,
8480259,20242025,0.2048,0.3976
8480259,20252026,0.1632,0.5263
8480281,20232024,0.2554,0.379
8480281,20242025,0.1768,0.3817
8480281,20252026,0.1759,0.4381
8480289,20232024,0.2824,0.2986
8480289,20242025,0.1683,0.4054
8480289,20252026,0.1758,0.442
8480292,20232024,0.2674,0.3837
8480292,20242025,,
8480292,20252026,,
8480336,20232024,0.3363,0.3257
8480336,20242025,0.3844,0.2777
8480336,20252026,0.3743,0.2953
8480355,20232024,0.3325,0.3299
8480355,20242025,0.123,0.4953
8480355,20252026,0.2197,0.4078
8480434,20232024,0.3305,0.3254
8480434,20242025,0.3779,0.2866
8480434,20252026,0.3786,0.2927
8480441,20232024,0.4314,0.2647
8480441,20242025,,
8480441,20252026,,
8480448,20232024,0.3109,0.3158
8480448,20242025,0.191,0.386
8480448,20252026,0.2776,0.3605
8480459,20232024,0.3279,0.3323
8480459,20242025,0.2816,0.3553
8480459,20252026,0.285,0.3754
8480468,20232024,0.269,0.3604
8480468,20242025,,
8480468,20252026,,
8480727,20232024,0.2857,0.3514
8480727,20242025,0.3541,0.2797
8480727,20252026,0.3099,0.3229
8480748,20232024,0.2538,0.3033
8480748,20242025,0.2331,0.3775
8480748,20252026,0.2938,0.3349
8480762,20232024,0.2995,0.3629
8480762,20242025,0.3691,0.2654
8480762,20252026,0.3893,0.2652
8480776,20232024,0.3438,0.2656
8480776,20242025,,
8480776,20252026,,
8480789,20232024,0.3285,0.3394
8480789,20242025,0.3109,0.3079
8480789,20252026,,
8480796,20232024,0.2881,0.3927
8480796,20242025,0.282,0.3496
8480796,20252026,0.2383,0.4242
8480797,20232024,0.3614,0.3011
8480797,20242025,0.338,0.3588
8480797,20252026,0.4022,0.2772
8480798,20232024,0.4045,0.3142
8480798,20242025,0.3263,0.3417
8480798,20252026,0.2232,0.4214
8480800,20232024,0.4221,0.2617
8480800,20242025,0.4184,0.2345
8480800,20252026,0.3703,0.3112
8480801,20232024,0.3284,0.289
8480801,20242025,0.3364,0.2914
8480801,20252026,0.4161,0.2279
8480802,20232024,0.2927,0.3068
8480802,20242025,0.2911,0.3644
8480802,20252026,0.3239,0.3589
8480803,20232024,0.4245,0.2803
8480803,20242025,0.4314,0.2649
8480803,20252026,0.4207,0.2556
8480806,20232024,0.2729,0.3579
8480806,20242025,0.1884,0.4717
8480806,20252026,0.2278,0.4221
8480807,20232024,0.3229,0.3303
8480807,20242025,0.2346,0.3844
8480807,20252026,0.3007,0.3438
8480813,20232024,0.2935,0.3564
8480813,20242025,0.2804,0.3694
8480813,20252026,0.302,0.378
8480817,20232024,0.294,0.3257
8480817,20242025,0.2918,0.3537
8480817,20252026,0.3918,0.2947
8480821,20232024,0.2968,0.3685
8480821,20242025,,
8480821,20252026,,
8480823,20232024,0.3468,0.3548
8480823,20242025,0.25,0.3897
8480823,20252026,,
8480825,20232024,,
8480825,20242025,0.3305,0.2881
8480825,20252026,0.1905,0.5714
8480828,20232024,,
8480828,20242025,0.1698,0.478
8480828,20252026,0.2745,0.2941
8480829,20232024,0.3952,0.259
8480829,20242025,0.362,0.2619
8480829,20252026,0.4154,0.2593
8480830,20232024,0.3992,0.3145
8480830,20242025,0.3959,0.2805
8480830,20252026,0.4221,0.2787
8480834,20232024,0.2989,0.4084
8480834,20242025,0.3209,0.3389
8480834,20252026,0.2753,0.368
8480835,20232024,0.4008,0.2504
8480835,20242025,0.3081,0.3409
8480835,20252026,0.2951,0.363
8480836,20232024,0.1519,0.4557
8480836,20242025,,
8480836,20252026,,
8480839,20232024,0.3858,0.2884
8480839,20242025,0.3746,0.3002
8480839,20252026,0.327,0.3153
8480840,20232024,,
8480840,20242025,0.241,0.3844
8480840,20252026,0.2066,0.3729
8480845,20232024,0.302,0.3119
8480845,20242025,0.1503,0.4676
8480845,20252026,,
8480848,20232024,0.3045,0.357
8480848,20242025,0.2621,0.3656
8480848,20252026,0.2109,0.4763
8480849,20232024,0.3317,0.3291
8480849,20242025,0.3806,0.3061
8480849,20252026,0.3087,0.3653
8480851,20232024,0.2683,0.3659
8480851,20242025,0.2585,0.3756
8480851,20252026,,
8480853,20232024,0.2174,0.4565
8480853,20242025,0.3636,0.1818
8480853,20252026,0.25,0.5
8480855,20232024,0.3017,0.306
8480855,20242025,0.3169,0.3449
8480855,20252026,0.3048,0.3476
8480860,20232024,0.2669,0.3408
8480860,20242025,0.3295,0.3554
8480860,20252026,0.2939,0.3844
8480865,20232024,0.3496,0.337
8480865,20242025,0.3615,0.3228
8480865,20252026,0.337,0.3312
8480870,20232024,0.2513,0.4251
8480870,20242025,,
8480870,20252026,0.1901,0.4215
8480871,20232024,0.3915,0.2783
8480871,20242025,0.4085,0.2761
8480871,20252026,0.3883,0.2271
8480873,20232024,0.3446,0.3196
8480873,20242025,0.311,0.3495
8480873,20252026,0.3428,0.3517
8480878,20232024,0.4073,0.2728
8480878,20242025,0.3384,0.3365
8480878,20252026,0.2797,0.3533
8480879,20232024,0.3156,0.3303
8480879,20242025,0.3371,0.2851
8480879,20252026,0.3218,0.3786
8480880,20232024,0.1408,0.381
8480880,20242025,0.2087,0.437
8480880,20252026,,
8480884,20232024,0.3688,0.3427
8480884,20242025,,
8480884,20252026,,
8480887,20232024,0.2752,0.3257
8480887,20242025,0.2293,0.3797
8480887,20252026,0.2299,0.3218
8480891,20232024,0.3397,0.2923
8480891,20242025,0.3706,0.2994
8480891,20252026,0.3399,0.3173
8480893,20232024,0.3492,0.2954
8480893,20242025,0.3862,0.2796
8480893,20252026,0.429,0.233
8480950,20232024,0.3103,0.3302
8480950,20242025,0.2385,0.3847
8480950,20252026,0.2178,0.3688
8480980,20232024,0.2328,0.4233
8480980,20242025,0.1852,0.4021
8480980,20252026,0.127,0.5463
8480990,20232024,0.3659,0.3018
8480990,20242025,0.3088,0.3432
8480990,20252026,0.2952,0.3612
8480995,20232024,0.3398,0.3011
8480995,20242025,0.2786,0.3639
8480995,20252026,0.2282,0.3481
8481006,20232024,0.2903,0.2949
8481006,20242025,0.2718,0.3092
8481006,20252026,0.3025,0.3069
8481013,20232024,0.2315,0.3611
8481013,20242025,0.3364,0.3351
8481013,20252026,0.3668,0.3398
8481014,20232024,0.3032,0.3609
8481014,20242025,0.3098,0.3373
8481014,20252026,0.4159,0.2804
8481019,20232024,0.2444,0.3963
8481019,20242025,0.1642,0.4701
8481019,20252026,,
8481024,20232024,0.175,0.475
8481024,20242025,0.3226,0.3172
8481024,20252026,0.3063,0.3492
8481028,20232024,0.3966,0.2401
8481028,20242025,0.4128,0.2553
8481028,20252026,0.2948,0.289
8481030,20232024,0.3009,0.3717
8481030,20242025,0.276,0.3891
8481030,20252026,0.3052,0.3614
8481032,20232024,0.3244,0.3613
8481032,20242025,0.288,0.3403
8481032,20252026,0.3468,0.3241
8481042,20232024,,
8481042,20242025,0.3069,0.352
8481042,20252026,,
8481043,20232024,0.3019,0.2264
8481043,20242025,0.1849,0.4296
8481043,20252026,0.2287,0.3834
8481056,20232024,0.3166,0.3205
8481056,20242025,0.2841,0.3284
8481056,20252026,0.3291,0.3304
8481058,20232024,0.2265,0.4122
8481058,20242025,,
8481058,20252026,,
8481059,20232024,0.4107,0.2485
8481059,20242025,0.4333,0.2412
8481059,20252026,,
8481065,20232024,0.3235,0.4314
8481065,20242025,0.3667,0.2
8481065,20252026,0.3774,0.434
8481068,20232024,0.3855,0.2801
8481068,20242025,0.3953,0.2959
8481068,20252026,0.3619,0.3267
8481093,20232024,0.2325,0.3725
8481093,20242025,0.0,0.0
8481093,20252026,0.1538,0.3077
8481122,20232024,0.2207,0.358
8481122,20242025,0.2148,0.3778
8481122,20252026,0.1867,0.4457
8481133,20232024,,
8481133,20242025,0.2261,0.3739
8481133,20252026,0.2691,0.3304
8481147,20232024,0.2391,0.3551
8481147,20242025,0.15,0.4
8481147,20252026,,
8481161,20232024,0.3636,0.3223
8481161,20242025,0.2848,0.3333
8481161,20252026,0.3154,0.3728
8481167,20232024,0.3124,0.3222
8481167,20242025,0.4193,0.2605
8481167,20252026,0.386,0.3033
8481178,20232024,0.3822,0.3103
8481178,20242025,0.3047,0.3353
8481178,20252026,0.3301,0.2404
8481186,20232024,0.2126,0.4116
8481186,20242025,0.2019,0.3907
8481186,20252026,0.2121,0.4242
8481206,20232024,0.2314,0.4549
8481206,20242025,0.1795,0.4744
8481206,20252026,,
8481237,20232024,0.3806,0.2985
8481237,20242025,0.3049,0.3155
8481237,20252026,0.291,0.2992
8481422,20232024,0.2186,0.4047
8481422,20242025,0.0455,0.4545
8481422,20252026,,
8481462,20232024,0.2609,0.3333
8481462,20242025,0.0,0.25
8481462,20252026,,
8481477,20232024,0.2728,0.423
8481477,20242025,0.2585,0.3747
8481477,20252026,0.234,0.4763
8481481,20232024,0.3327,0.2941
8481481,20242025,0.1697,0.5406
8481481,20252026,0.1025,0.5674
8481491,20232024,,
8481491,20242025,0.4615,0.2308
8481491,20252026,0.1923,0.4462
8481517,20232024,0.299,0.3463
8481517,20242025,0.1972,0.4782
8481517,20252026,0.2889,0.4222
8481518,20232024,0.3929,0.25
8481518,20242025,0.45,0.3
8481518,20252026,0.3462,0.3462
8481521,20232024,0.4127,0.2063
8481521,20242025,,
8481521,20252026,,
8481522,20232024,0.3515,0.3316
8481522,20242025,0.2576,0.3847
8481522,20252026,0.2839,0.3522
8481523,20232024,0.25,0.25
8481523,20242025,0.4154,0.2461
8481523,20252026,0.2924,0.3081
8481524,20232024,0.3393,0.3313
8481524,20242025,0.3509,0.3242
8481524,20252026,0.3049,0.3552
8481527,20232024,0.296,0.3276
8481527,20242025,0.3418,0.2888
8481527,20252026,0.338,0.2946
8481528,20232024,0.3189,0.3477
8481528,20242025,0.3474,0.3278
8481528,20252026,0.356,0.2667
8481532,20232024,0.3248,0.3376
8481532,20242025,0.2961,0.3155
8481532,20252026,0.3622,0.2827
8481533,20232024,0.3774,0.3097
8481533,20242025,0.3533,0.355
8481533,20252026,0.3891,0.2799
8481534,20232024,0.4722,0.25
8481534,20242025,0.4,0.2875
8481534,20252026,0.375,0.25
8481535,20232024,0.3115,0.3292
8481535,20242025,0.3778,0.2969
8481535,20252026,0.4085,0.3007
8481537,20232024,0.3031,0.3875
8481537,20242025,,
8481537,20252026,,
8481540,20232024,0.3521,0.2839
8481540,20242025,0.3909,0.2751
8481540,20252026,0.3687,0.2739
8481541,20232024,0.2941,0.3248
8481541,20242025,0.8,0.0
8481541,20252026,,
8481542,20232024,0.2579,0.4069
8481542,20242025,0.2993,0.3675
8481542,20252026,0.2797,0.3732
8481543,20232024,0.3015,0.2794
8481543,20242025,,
8481543,20252026,,
8481546,20232024,0.3284,0.2841
8481546,20242025,0.2866,0.3483
8481546,20252026,0.2984,0.328
8481550,20232024,0.2162,0.3784
8481550,20242025,,
8481550,20252026,,
8481553,20232024,0.3518,0.3136
8481553,20242025,0.245,0.3769
8481553,20252026,0.3499,0.2855
8481554,20232024,0.3083,0.278
8481554,20242025,0.3319,0.3079
8481554,20252026,0.4065,0.2575
8481556,20232024,0.0857,0.4945
8481556,20242025,0.1226,0.5664
8481556,20252026,0.1897,0.4224
8481557,20232024,0.3571,0.2935
8481557,20242025,0.3075,0.3325
8481557,20252026,0.3194,0.35
8481559,20232024,0.4518,0.2315
8481559,20242025,0.4656,0.197
8481559,20252026,0.4955,0.1922
8481560,20232024,0.3676,0.29
8481560,20242025,0.3772,0.2632
8481560,20252026,0.3529,0.3529
8481563,20232024,,
8481563,20242025,0.3085,0.3505
8481563,20252026,0.3542,0.3064
8481564,20232024,0.3738,0.2597
8481564,20242025,0.3333,0.4048
8481564,20252026,0.1579,0.4737
8481567,20232024,0.3076,0.3711
8481567,20242025,0.3108,0.3492
8481567,20252026,0.2821,0.4615
8481568,20232024,0.2979,0.3739
8481568,20242025,0.2807,0.3631
8481568,20252026,0.234,0.4141
8481572,20232024,,
8481572,20242025,0.2516,0.329
8481572,20252026,0.3929,0.3214
8481577,20232024,0.3034,0.3509
8481577,20242025,0.3736,0.2452
8481577,20252026,0.3571,0.2429
8481580,20232024,0.3403,0.2753
8481580,20242025,0.3546,0.3257
8481580,20252026,0.3043,0.3423
8481581,20232024,0.3919,0.2976
8481581,20242025,0.3685,0.3311
8481581,20252026,0.3372,0.3291
8481582,20232024,0.3831,0.2584
8481582,20242025,0.3842,0.2644
8481582,20252026,0.289,0.3484
8481591,20232024,0.1111,0.3889
8481591,20242025,0.2727,0.3091
8481591,20252026,0.3,0.45
8481592,20232024,0.2404,0.4135
8481592,20242025,0.3326,0.2956
8481592,20252026,0.4286,0.2041
8481593,20232024,0.2923,0.3195
8481593,20242025,0.3864,0.243
8481593,20252026,0.3867,0.2744
8481596,20232024,0.3496,0.2844
8481596,20242025,0.2176,0.4549
8481596,20252026,0.1912,0.4297
8481598,20232024,0.3094,0.3453
8481598,20242025,0.3225,0.355
8481598,20252026,0.3102,0.3764
8481600,20232024,0.2128,0.234
8481600,20242025,0.3648,0.2893
8481600,20252026,0.2683,0.2976
8481601,20232024,0.3076,0.3591
8481601,20242025,0.3223,0.3488
8481601,20252026,0.3362,0.3398
8481604,20232024,0.3755,0.3187
8481604,20242025,0.4271,0.2729
8481604,20252026,0.4497,0.2634
8481605,20232024,0.2947,0.3669
8481605,20242025,0.3194,0.3831
8481605,20252026,0.3239,0.3487
8481606,20232024,0.416,0.2885
8481606,20242025,0.3253,0.2897
8481606,20252026,0.4381,0.2102
8481607,20232024,,
8481607,20242025,0.3664,0.318
8481607,20252026,0.3357,0.3616
8481609,20232024,0.2963,0.3333
8481609,20242025,0.3955,0.2797
8481609,20252026,0.3922,0.3725
8481617,20232024,0.3655,0.3103
8481617,20242025,0.3495,0.2941
8481617,20252026,0.3814,0.2598
8481618,20232024,0.3154,0.3692
8481618,20242025,0.3991,0.2751
8481618,20252026,0.3888,0.2787
8481624,20232024,0.3548,0.3364
8481624,20242025,0.2514,0.3634
8481624,20252026,0.2049,0.4461
8481641,20232024,0.2165,0.384
8481641,20242025,0.2177,0.3764
8481641,20252026,0.2571,0.3524
8481655,20232024,0.1538,0.2308
8481655,20242025,0.2733,0.2605
8481655,20252026,0.3009,0.2778
8481656,20232024,0.2453,0.3761
8481656,20242025,0.3976,0.2733
8481656,20252026,0.3401,0.3624
8481703,20232024,0.284,0.3075
8481703,20242025,0.2857,0.3429
8481703,20252026,,
8481704,20232024,0.3018,0.3179
8481704,20242025,0.3382,0.2966
8481704,20252026,0.296,0.352
8481708,20232024,0.3243,0.277
8481708,20242025,0.364,0.2781
8481708,20252026,,
8481711,20232024,0.275,0.3576
8481711,20242025,0.3595,0.2737
8481711,20252026,0.3833,0.2851
8481716,20232024,0.3909,0.2765
8481716,20242025,0.3902,0.2761
8481716,20252026,0.4134,0.2458
8481719,20232024,0.2479,0.3419
8481719,20242025,0.2593,0.3951
8481719,20252026,0.3979,0.2765
8481725,20232024,,
8481725,20242025,0.3099,0.4089
8481725,20252026,0.252,0.4075
8481726,20232024,0.2245,0.449
8481726,20242025,0.1606,0.4839
8481726,20252026,0.2387,0.428
8481732,20232024,,
8481732,20242025,0.3043,0.2522
8481732,20252026,0.3462,0.3077
8481743,20232024,0.2255,0.3333
8481743,20242025,0.2787,0.3345
8481743,20252026,,
8481751,20232024,0.3774,0.3302
8481751,20242025,,
8481751,20252026,,
8481754,20232024,0.2,0.36
8481754,20242025,0.2197,0.4046
8481754,20252026,0.2852,0.3415
8481789,20232024,0.3391,0.3164
8481789,20242025,0.2962,0.3466
8481789,20252026,0.2073,0.3896
8481806,20232024,0.2393,0.4754
8481806,20242025,0.2144,0.4004
8481806,20252026,0.2028,0.4343
8482055,20232024,0.31,0.3154
8482055,20242025,0.3108,0.3446
8482055,20252026,0.3248,0.3114
8482062,20232024,0.2058,0.3532
8482062,20242025,0.1325,0.4475
8482062,20252026,0.164,0.4228
8482070,20232024,0.2876,0.3211
8482070,20242025,0.2907,0.3243
8482070,20252026,0.3333,0.2267
8482073,20232024,0.3041,0.328
8482073,20242025,0.2337,0.3848
8482073,20252026,0.2801,0.3841
8482074,20232024,0.4129,0.2357
8482074,20242025,0.3777,0.289
8482074,20252026,0.3359,0.3203
8482077,20232024,0.3144,0.272
8482077,20242025,0.3476,0.3279
8482077,20252026,0.396,0.2927
8482078,20232024,0.2902,0.3673
8482078,20242025,0.3085,0.3584
8482078,20252026,0.3153,0.3581
8482079,20232024,0.3973,0.2779
8482079,20242025,0.3629,0.3017
8482079,20252026,0.3972,0.3163
8482087,20232024,0.2524,0.3905
8482087,20242025,0.2722,0.3379
8482087,20252026,0.249,0.3958
8482089,20232024,0.3329,0.3256
8482089,20242025,0.3611,0.321
8482089,20252026,0.3687,0.3077
8482092,20232024,0.3421,0.3329
8482092,20242025,0.2505,0.4303
8482092,20252026,0.2752,0.3518
8482093,20232024,0.3701,0.3054
8482093,20242025,0.3866,0.2996
8482093,20252026,0.4444,0.25
8482095,20232024,0.3544,0.3038
8482095,20242025,0.317,0.279
8482095,20252026,0.3056,0.2703
8482097,20232024,0.4029,0.295
8482097,20242025,0.4071,0.3262
8482097,20252026,0.3349,0.3465
8482101,20232024,0.1429,0.4762
8482101,20242025,0.3458,0.3271
8482101,20252026,,
8482105,20232024,0.308,0.308
8482105,20242025,0.2915,0.3831
8482105,20252026,0.3422,0.3466
8482109,20232024,0.4824,0.1805
8482109,20242025,0.4248,0.2277
8482109,20252026,0.359,0.2953
8482110,20232024,0.3154,0.3061
8482110,20242025,0.2929,0.3788
8482110,20252026,0.3255,0.3604
8482111,20232024,0.3467,0.3173
8482111,20242025,0.3801,0.2692
8482111,20252026,0.3015,0.3484
8482113,20232024,0.3754,0.2664
8482113,20242025,0.3941,0.2953
8482113,20252026,0.3053,0.326
8482116,20232024,0.3431,0.332
8482116,20242025,0.4549,0.2379
8482116,20252026,0.4821,0.2093
8482117,20232024,0.3695,0.3243
8482117,20242025,0.3115,0.3297
8482117,20252026,0.3202,0.2767
8482118,20232024,0.2308,0.4231
8482118,20242025,0.3281,0.375
8482118,20252026,0.3108,0.3378
8482122,20232024,0.3057,0.3338
8482122,20242025,0.3283,0.3168
8482122,20252026,0.316,0.3426
8482124,20232024,0.3544,0.3377
8482124,20242025,0.3472,0.3105
8482124,20252026,0.3037,0.3509
8482125,20232024,0.4059,0.2955
8482125,20242025,0.3412,0.2725
8482125,20252026,0.3508,0.3226
8482126,20232024,0.4667,0.3556
8482126,20242025,0.3576,0.2869
8482126,20252026,0.3799,0.2979
8482132,20232024,,
8482132,20242025,0.322,0.3254
8482132,20252026,0.2308,0.3846
8482133,20232024,0.2787,0.4286
8482133,20242025,0.1667,0.5
8482133,20252026,,
8482142,20232024,0.4234,0.2621
8482142,20242025,0.3836,0.2777
8482142,20252026,0.3524,0.3111
8482144,20232024,0.2857,0.2857
8482144,20242025,0.3713,0.2873
8482144,20252026,,
8482145,20232024,0.3636,0.2727
8482145,20242025,0.2883,0.388
8482145,20252026,0.2889,0.3272
8482146,20232024,0.4305,0.227
8482146,20242025,0.369,0.2877
8482146,20252026,0.3274,0.3048
8482148,20232024,0.3788,0.2368
8482148,20242025,0.4339,0.1693
8482148,20252026,0.3216,0.3065
8482149,20232024,0.4341,0.2471
8482149,20242025,0.4947,0.1877
8482149,20252026,0.3818,0.3161
8482153,20232024,0.2808,0.2945
8482153,20242025,0.1528,0.2222
8482153,20252026,0.2857,0.381
8482155,20232024,0.3524,0.3142
8482155,20242025,0.3424,0.3132
8482155,20252026,0.3145,0.3395
8482157,20232024,0.3402,0.2929
8482157,20242025,0.3252,0.2998
8482157,20252026,0.3409,0.3554
8482159,20232024,0.3208,0.311
8482159,20242025,0.2498,0.3816
8482159,20252026,0.2593,0.3272
8482166,20232024,0.3239,0.3662
8482166,20242025,0.2796,0.3333
8482166,20252026,0.2859,0.3772
8482172,20232024,0.1416,0.4602
8482172,20242025,0.2691,0.3639
8482172,20252026,0.2298,0.3384
8482175,20232024,0.3561,0.3074
8482175,20242025,0.3795,0.3017
8482175,20252026,0.3734,0.2608
8482176,20232024,0.3289,0.3289
8482176,20242025,0.3134,0.3406
8482176,20252026,0.3285,0.3121
8482177,20232024,0.3046,0.351
8482177,20242025,0.2624,0.3729
8482177,20252026,0.3562,0.3244
8482192,20232024,0.2792,0.3503
8482192,20242025,0.3448,0.3793
8482192,20252026,0.3889,0.5
8482201,20232024,0.2308,0.3077
8482201,20242025,0.3323,0.3096
8482201,20252026,0.3675,0.2548
8482222,20232024,0.3154,0.3423
8482222,20242025,,
8482222,20252026,,
8482241,20232024,0.2208,0.4502
8482241,20242025,,
8482241,20252026,,
8482245,20232024,0.3128,0.3074
8482245,20242025,0.244,0.4086
8482245,20252026,0.2581,0.3964
8482259,20232024,0.2792,0.3861
8482259,20242025,0.3369,0.3345
8482259,20252026,0.3095,0.3657
8482408,20232024,,
8482408,20242025,0.2893,0.314
8482408,20252026,0.2649,0.3243
8482451,20232024,0.3102,0.3743
8482451,20242025,0.2993,0.3915
8482451,20252026,0.2857,0.4762
8482460,20232024,0.3286,0.2143
8482460,20242025,0.2305,0.4102
8482460,20252026,0.234,0.3972
8482470,20232024,0.3203,0.3203
8482470,20242025,0.3878,0.3469
8482470,20252026,0.281,0.3137
8482475,20232024,0.3219,0.3142
8482475,20242025,0.3737,0.2706
8482475,20252026,0.3854,0.2546
8482476,20232024,0.1923,0.5769
8482476,20242025,0.2319,0.3555
8482476,20252026,0.3552,0.3181
8482482,20232024,,
8482482,20242025,0.2713,0.378
8482482,20252026,0.2766,0.3756
8482496,20232024,0.3294,0.2627
8482496,20242025,0.2905,0.3041
8482496,20252026,0.4,0.4
8482511,20232024,0.3772,0.2669
8482511,20242025,0.4018,0.278
8482511,20252026,0.3438,0.3069
8482516,20232024,0.3034,0.3353
8482516,20242025,0.3308,0.3195
8482516,20252026,0.3539,0.284
8482624,20232024,0.3153,0.3571
8482624,20242025,0.3272,0.3483
8482624,20252026,0.1111,0.6111
8482652,20232024,0.2407,0.3657
8482652,20242025,0.3297,0.2967
8482652,20252026,0.4545,0.2727
8482655,20232024,0.2845,0.3422
8482655,20242025,0.3078,0.3602
8482655,20252026,0.36,0.3132
8482659,20232024,0.2857,0.3609
8482659,20242025,0.3453,0.2792
8482659,20252026,0.3463,0.335
8482660,20232024,0.3844,0.2965
8482660,20242025,0.3409,0.3171
8482660,20252026,0.3475,0.3163
8482665,20232024,0.3582,0.334
8482665,20242025,0.32,0.3291
8482665,20252026,0.3474,0.3174
8482666,20232024,0.3462,0.1923
8482666,20242025,0.4069,0.201
8482666,20252026,0.3365,0.3365
8482667,20232024,0.2953,0.386
8482667,20242025,0.3309,0.3258
8482667,20252026,0.3126,0.3705
8482671,20232024,0.3842,0.3305
8482671,20242025,0.3504,0.3301
8482671,20252026,0.3347,0.3427
8482679,20232024,0.3127,0.3746
8482679,20242025,0.3316,0.381
8482679,20252026,0.3772,0.305
8482684,20232024,0.3965,0.2742
8482684,20242025,0.3603,0.3089
8482684,20252026,0.3957,0.308
8482691,20232024,,
8482691,20242025,0.3636,0.3242
8482691,20252026,0.3061,0.4424
8482699,20232024,0.2993,0.3481
8482699,20242025,0.4373,0.228
8482699,20252026,0.3469,0.3319
8482700,20232024,,
8482700,20242025,0.2755,0.3704
8482700,20252026,,
8482702,20232024,0.3587,0.3492
8482702,20242025,0.323,0.3451
8482702,20252026,0.4403,0.2119
8482703,20232024,,
8482703,20242025,0.3514,0.3514
8482703,20252026,0.2696,0.3199
8482705,20232024,0.3413,0.3002
8482705,20242025,0.3165,0.3316
8482705,20252026,0.3075,0.3747
8482713,20232024,0.3913,0.2319
8482713,20242025,0.3952,0.2706
8482713,20252026,0.3205,0.2946
8482720,20232024,0.3451,0.3186
8482720,20242025,0.3447,0.3047
8482720,20252026,0.3602,0.3481
8482726,20232024,,
8482726,20242025,0.3133,0.2801
8482726,20252026,0.1956,0.3616
8482730,20232024,0.4364,0.297
8482730,20242025,0.3829,0.2668
8482730,20252026,0.4303,0.2667
8482737,20232024,0.3367,0.352
8482737,20242025,0.3118,0.2952
8482737,20252026,0.299,0.3368
8482740,20232024,0.3611,0.3288
8482740,20242025,0.3307,0.3699
8482740,20252026,0.3609,0.3167
8482742,20232024,,
8482742,20242025,0.229,0.3789
8482742,20252026,0.2464,0.4167
8482744,20232024,0.2754,0.4058
8482744,20242025,0.1429,0.4286
8482744,20252026,,
8482745,20232024,0.3358,0.3184
8482745,20242025,0.3498,0.3584
8482745,20252026,0.4024,0.2807
8482747,20232024,0.4545,0.1364
8482747,20242025,0.4348,0.1739
8482747,20252026,0.2734,0.3516
8482749,20232024,0.3268,0.3171
8482749,20242025,0.4124,0.2371
8482749,20252026,0.1852,0.3333
8482751,20232024,0.4058,0.2754
8482751,20242025,0.299,0.3711
8482751,20252026,0.2309,0.4007
8482758,20232024,,
8482758,20242025,0.4476,0.219
8482758,20252026,0.429,0.2284
8482762,20232024,0.3182,0.3636
8482762,20242025,0.3174,0.3684
8482762,20252026,0.2801,0.3648
8482763,20232024,,
8482763,20242025,0.3661,0.2946
8482763,20252026,,
8482765,20232024,0.4528,0.3019
8482765,20242025,0.2537,0.403
8482765,20252026,0.3377,0.2695
8482768,20232024,,
8482768,20242025,0.4312,0.2179
8482768,20252026,0.3611,0.2983
8482775,20232024,,
8482775,20242025,0.2889,0.3333
8482775,20252026,0.3946,0.2865
8482803,20232024,0.381,0.3042
8482803,20242025,0.3972,0.318
8482803,20252026,0.3695,0.2954
8482807,20232024,0.1212,0.3333
8482807,20242025,0.2985,0.3446
8482807,20252026,0.2554,0.4457
8482809,20232024,0.375,0.375
8482809,20242025,0.4002,0.2616
8482809,20252026,0.4355,0.2108
8482858,20232024,0.4184,0.2293
8482858,20242025,0.334,0.3311
8482858,20252026,0.2937,0.3201
8482859,20232024,0.4423,0.2308
8482859,20242025,0.2675,0.2909
8482859,20252026,0.2074,0.3922
8482896,20232024,,
8482896,20242025,0.1872,0.335
8482896,20252026,0.1593,0.4292
8482929,20232024,0.2765,0.3364
8482929,20242025,0.3254,0.3197
8482929,20252026,0.3348,0.2929
8482964,20232024,0.3685,0.2917
8482964,20242025,0.2722,0.3136
8482964,20252026,0.3422,0.2627
8483395,20232024,0.2317,0.4268
8483395,20242025,0.3664,0.313
8483395,20252026,0.3265,0.2177
8483397,20232024,0.1818,0.3636
8483397,20242025,0.2231,0.4298
8483397,20252026,0.3171,0.3902
8483424,20232024,,
8483424,20242025,0.4184,0.2755
8483424,20252026,0.3796,0.2778
8483425,20232024,,
8483425,20242025,0.365,0.3143
8483425,20252026,0.2525,0.3866
8483431,20232024,0.3033,0.3508
8483431,20242025,0.4381,0.2764
8483431,20252026,0.3766,0.3019
8483432,20232024,0.3,0.4
8483432,20242025,0.3571,0.3312
8483432,20252026,0.2747,0.4505
8483445,20232024,0.5,0.1429
8483445,20242025,0.3282,0.3776
8483445,20252026,0.3856,0.284
8483447,20232024,,
8483447,20242025,0.2717,0.3116
8483447,20252026,0.3853,0.3028
8483448,20232024,,
8483448,20242025,0.3385,0.3282
8483448,20252026,0.1489,0.4468
8483457,20232024,0.2692,0.3462
8483457,20242025,0.4338,0.2216
8483457,20252026,0.3975,0.273
8483460,20232024,0.3547,0.2984
8483460,20242025,0.3019,0.2547
8483460,20252026,0.2886,0.4309
8483464,20232024,,
8483464,20242025,0.3289,0.33
8483464,20252026,0.2808,0.3799
8483466,20232024,0.4161,0.2659
8483466,20242025,0.3598,0.3333
8483466,20252026,0.4014,0.3197
8483468,20232024,0.0769,0.6923
8483468,20242025,0.3559,0.3168
8483468,20252026,0.3734,0.3354
8483472,20232024,,
8483472,20242025,0.3529,0.3137
8483472,20252026,0.2895,0.3684
8483476,20232024,,
8483476,20242025,0.3627,0.2549
8483476,20252026,0.4368,0.2069
8483481,20232024,,
8483481,20242025,0.299,0.3608
8483481,20252026,,
8483482,20232024,0.42,0.32
8483482,20242025,0.35,0.4
8483482,20252026,0.3846,0.2308
8483485,20232024,,
8483485,20242025,0.2814,0.3736
8483485,20252026,0.3356,0.3211
8483487,20232024,,
8483487,20242025,0.4257,0.2178
8483487,20252026,0.3819,0.2462
8483489,20232024,0.2703,0.4324
8483489,20242025,0.2381,0.3968
8483489,20252026,0.3469,0.2703
8483490,20232024,0.3153,0.3362
8483490,20242025,0.2899,0.3869
8483490,20252026,0.332,0.3248
8483491,20232024,0.4293,0.2304
8483491,20242025,0.2,0.432
8483491,20252026,0.2065,0.3696
8483493,20232024,0.1429,0.3929
8483493,20242025,0.3289,0.3477
8483493,20252026,0.3247,0.3661
8483495,20232024,0.3491,0.3236
8483495,20242025,0.3953,0.2171
8483495,20252026,0.3731,0.3318
8483497,20232024,,
8483497,20242025,0.3186,0.3628
8483497,20252026,0.4527,0.204
8483499,20232024,0.2708,0.2292
8483499,20242025,0.2984,0.3455
8483499,20252026,0.3143,0.3436
8483503,20232024,,
8483503,20242025,0.269,0.3448
8483503,20252026,0.2955,0.2955
8483505,20232024,0.3987,0.2468
8483505,20242025,0.4015,0.2386
8483505,20252026,0.32,0.48
8483515,20232024,0.3482,0.3073
8483515,20242025,0.3667,0.299
8483515,20252026,0.3707,0.3099
8483516,20232024,,
8483516,20242025,0.3881,0.2687
8483516,20252026,0.3633,0.3329
8483524,20232024,0.5301,0.1807
8483524,20242025,0.3386,0.3228
8483524,20252026,0.4608,0.2311
8483553,20232024,,
8483553,20242025,0.3521,0.2604
8483553,20252026,0.3047,0.2826
8483565,20232024,0.3409,0.3125
8483565,20242025,0.3119,0.3263
8483565,20252026,0.3303,0.3333
8483567,20232024,0.2286,0.3429
8483567,20242025,0.386,0.3684
8483567,20252026,0.4286,0.1429
8483570,20232024,0.3041,0.277
8483570,20242025,0.2549,0.3529
8483570,20252026,0.1247,0.4781
8483573,20232024,,
8483573,20242025,0.3855,0.3128
8483573,20252026,0.2137,0.4275
8483609,20232024,0.3,0.15
8483609,20242025,0.3529,0.3319
8483609,20252026,0.2879,0.3345
8483678,20232024,,
8483678,20242025,0.428,0.2325
8483678,20252026,0.2731,0.3823
8483768,20232024,,
8483768,20242025,0.3441,0.2882
8483768,20252026,0.3946,0.3587
8483808,20232024,0.4426,0.234
8483808,20242025,0.408,0.2596
8483808,20252026,0.3624,0.2832
8483930,20232024,,
8483930,20242025,0.1756,0.3969
8483930,20252026,0.2245,0.2653
8484136,20232024,,
8484136,20242025,0.3084,0.2863
8484136,20252026,0.3042,0.2604
8484144,20232024,0.4079,0.2837
8484144,20242025,0.3832,0.2974
8484144,20252026,0.3741,0.2857
8484145,20232024,0.3531,0.3111
8484145,20242025,0.3313,0.32
8484145,20252026,0.305,0.3301
8484153,20232024,0.3237,0.3282
8484153,20242025,0.349,0.3309
8484153,20252026,0.3976,0.225
8484166,20232024,0.4319,0.2668
8484166,20242025,0.3767,0.2563
8484166,20252026,0.4353,0.2345
8484186,20232024,,
8484186,20242025,0.3387,0.2984
8484186,20252026,0.2736,0.3438
8484197,20232024,,
8484197,20242025,0.2821,0.3462
8484197,20252026,0.3702,0.3064
8484227,20232024,,
8484227,20242025,0.3536,0.3345
8484227,20252026,0.4015,0.259
8484258,20232024,0.1948,0.4069
8484258,20242025,0.27,0.3639
8484258,20252026,0.341,0.3242
8484304,20232024,0.3652,0.2628
8484304,20242025,0.3818,0.2542
8484304,20252026,0.3473,0.2634
8484314,20232024,0.3362,0.3534
8484314,20242025,,
8484314,20252026,,
8484321,20232024,0.25,0.2917
8484321,20242025,0.3059,0.2532
8484321,20252026,0.2461,0.3229
8484325,20232024,0.2308,0.3427
8484325,20242025,,
8484325,20252026,,
8484387,20232024,,
8484387,20242025,0.4155,0.2624
8484387,20252026,0.4494,0.2342
8484783,20232024,,
8484783,20242025,0.4398,0.2822
8484783,20252026,0.4073,0.278
8484801,20232024,,
8484801,20242025,0.3509,0.3369
8484801,20252026,0.398,0.2736
8484911,20232024,0.2025,0.5063
8484911,20242025,0.267,0.4119
8484911,20252026,0.322,0.3638
8484929,20232024,,
8484929,20242025,0.4113,0.2553
8484929,20252026,,
8484958,20232024,,
8484958,20242025,0.3594,0.3088
8484958,20252026,0.3354,0.2835
8484976,20232024,,
8484976,20242025,0.1899,0.3165
8484976,20252026,,
