player_id,drawn,mu,hours,theta,pred_model,pred_ctx,pred_flat
8470613,7,7.317695028737501,21.36861111111111,0.7034348277225505,5.147521541866128,7.317695028737501,11.906261437979223
8470621,12,9.712318254933129,13.38861111111111,1.4056878827332837,13.65248808420877,9.712318254933129,7.459928179301943
8471214,6,13.008316860861818,17.629444444444445,0.5294410495080117,6.887136931147445,13.008316860861818,9.822855283876784
8471215,12,9.469027409512757,13.653055555555556,1.586171676227988,15.019503078395612,9.469027409512757,7.607272556295147
8471675,15,12.76955404787384,18.125833333333333,1.1769189246893856,15.02872981878667,12.76955404787384,10.099435537749532
8471685,5,11.573163815731178,16.984444444444446,0.7225181258326179,8.36182063009596,11.573163815731178,9.463471204697981
8471724,8,7.897099127582274,22.476944444444445,1.0550145184610036,8.331554233325024,7.897099127582274,12.523807723906623
8473419,15,8.297459860439124,11.3325,1.9594237052662469,16.258239544039586,8.297459860439124,6.314294693478731
8473422,10,6.751995839844279,9.201944444444445,0.7130071164372925,4.8142210839639645,6.751995839844279,5.12718190824987
8473507,2,5.146748745652458,14.6,0.807415150133439,4.155562911170068,5.146748745652458,8.134895435675224
8473512,11,12.537280716138328,17.090833333333332,0.9630737450140543,12.074325891583824,12.537280716138328,9.522749457206801
8473533,9,11.765930150290558,16.83416666666667,0.6257567222848247,7.362609885478014,11.765930150290558,9.379738738360457
8473604,7,11.4364281350234,16.654722222222222,1.0,11.4364281350234,11.4364281350234,9.279755053972211
8473986,12,12.883639959700053,17.9025,0.7071695929883699,9.110918426509786,12.883639959700053,9.974997639532582
8473994,3,8.02022740763648,11.437777777777777,0.9593035963400037,7.6938329956103395,8.02022740763648,6.372953851966572
8474013,6,7.187076625175006,21.005277777777778,0.9565539306351354,6.874826395587056,7.187076625175006,11.703817693118813
8474037,8,8.758438955812409,11.773888888888889,0.763787211996464,6.689583671501182,8.758438955812409,6.560229793312977
8474102,11,9.23041305655673,12.340555555555556,0.8404594376193388,7.757787766507871,9.23041305655673,6.8759677440127
8474141,3,12.183161199284493,16.288888888888888,0.7865313975484594,9.582438804631396,12.183161199284493,9.075918347564595
8474150,4,13.600680733466042,19.789166666666667,0.6799664697414751,9.248006864415801,13.600680733466042,11.026219287156367
8474151,3,4.445919109263839,12.788333333333334,0.56655001496145,2.518835537870824,4.445919109263839,7.1254626344675795
8474189,8,7.950214593852911,11.312777777777777,0.9882727599314981,7.85698051871469,7.950214593852911,6.303305774606338
8474563,5,7.853911166107131,23.32777777777778,0.7906207294164131,6.209464974919332,7.853911166107131,12.997878970471943
8474564,13,13.54123731228987,19.801666666666666,0.8321754496590696,11.268685249294993,13.54123731228987,11.03318409489239
8474567,4,3.158737128932096,9.258611111111112,0.8299004606120167,2.621437398253026,3.158737128932096,5.158755703319843
8474568,2,3.4500957782025576,9.970833333333333,0.6009130183441671,2.073207467656167,3.4500957782025576,5.555594970767926
8474574,15,6.966198806153577,20.535833333333333,0.7514539862335362,5.234777861779406,6.966198806153577,11.442250469254825
8474578,6,8.141961056257287,23.348055555555554,0.8503063717990907,6.923161365075626,8.141961056257287,13.009177436354824
8474586,6,14.741900637235837,20.496666666666666,0.6410214528782756,9.449874564668093,14.741900637235837,11.420427405015285
8474590,5,7.533277426956803,21.470833333333335,1.0912367614858165,8.220589262766547,7.533277426956803,11.96321808790937
8474600,12,7.809179581571132,23.050833333333333,1.1572657515692484,9.037296077606145,7.809179581571132,12.843569785742716
8474641,3,8.251743835093933,11.930277777777778,0.5880418601225643,4.852370794043539,8.251743835093933,6.647367276765891
8474679,4,6.4318620708825485,8.881944444444445,0.6631403347247845,4.265227166588699,6.4318620708825485,4.948882830207673
8474716,6,7.230541003698527,21.266944444444444,0.4546715880107256,3.2875215603282752,7.230541003698527,11.849614335059567
8475149,9,11.612846707316757,16.28638888888889,0.7569326365247008,8.790142675726463,11.612846707316757,9.074525386017392
8475158,8,14.392119024550938,21.14666666666667,0.7312210774151015,10.523820779418516,14.392119024550938,11.782597407288499
8475166,10,14.612355530558402,20.6575,0.9843626470266021,14.383856969354278,14.612355530558402,11.510041264552118
8475167,4,2.78774701811047,8.033611111111112,0.743599747057346,2.072967977526816,2.78774701811047,4.4762045451895585
8475168,7,8.821561290453088,13.173333333333334,0.7680523683582993,6.7754210417503895,8.821561290453088,7.339978712737097
8475169,17,12.170565946727747,16.818333333333335,0.8929689312813509,10.867937266538679,12.170565946727747,9.370916648561495
8475170,8,13.121235440492315,18.669722222222223,0.7359400512026958,9.656442681918541,13.121235440492315,10.40248206101917
8475171,15,8.350896276046445,23.426111111111112,1.3972558524949068,11.668338695283818,8.350896276046445,13.05266879132866
8475172,25,13.689518852674302,19.97222222222222,2.0376758077409853,27.894801385708554,13.689518852674302,11.128215027112796
8475181,0,2.9270668680659155,8.760555555555555,0.9216623628074542,2.6977673657170462,2.9270668680659155,4.881246808415624
8475184,4,11.89935853222008,16.60972222222222,0.5420962564566257,6.450597714551715,11.89935853222008,9.254681746122527
8475188,9,6.633744159762264,19.3625,0.5934026347488002,3.936481262652393,6.633744159762264,10.788487183100106
8475191,5,10.267112305891285,14.027222222222223,0.5679344862843471,5.831047153070065,10.267112305891285,7.815752467860112
8475200,11,8.255247792682667,24.142777777777777,1.5613165041942683,12.88905462492875,8.255247792682667,13.451984434860663
8475208,5,7.481345728580566,22.032777777777778,1.0663416318473156,7.9776704126285445,7.481345728580566,12.276324889019929
8475218,6,8.42825976798306,24.40888888888889,1.0005976074680705,8.433296558963246,8.42825976798306,13.600257452885337
8475220,6,7.553289066971372,10.490277777777777,1.0759298375319943,8.126809078658697,7.553289066971372,5.845021425576005
8475231,1,9.66914981064304,13.663055555555555,1.1392703334490344,11.015775528939963,9.66914981064304,7.612844402483965
8475279,9,8.937082164292804,25.380555555555556,1.3338250216516414,11.920503811290347,8.937082164292804,14.141655174232216
8475287,7,12.48400091182866,17.43638888888889,0.7076195837220298,8.833923528413637,12.48400091182866,9.715287697731535
8475314,10,13.004902605171074,17.537777777777777,0.7311829347857157,9.508962853451386,13.004902605171074,9.771780027145946
8475324,2,5.5774774125779025,16.149722222222223,1.1091916339377235,6.18649128450803,5.5774774125779025,8.99837682143687
8475343,16,10.634214837971827,15.485555555555555,1.0080474107087936,10.719792732338533,10.634214837971827,8.628313370396164
8475455,6,7.57724487443957,21.522222222222222,0.6455301962339248,4.891340370709477,7.57724487443957,11.991851186379687
8475462,7,4.501085327291165,13.395833333333334,1.8956657434310056,8.532553263205797,4.501085327291165,7.463952290438312
8475692,12,10.78899757871212,15.080833333333333,1.179644904413196,12.727186017454063,10.78899757871212,8.402808373254253
8475714,2,6.2325483166352535,8.921111111111111,1.0555950488186518,6.579047144563197,6.2325483166352535,4.970705894447213
8475722,12,9.948247566442713,13.18138888888889,1.16550644536476,11.59474665877327,9.948247566442713,7.344467144389202
8475726,5,10.95622090435803,16.09888888888889,0.9898048721414686,10.844520831391787,10.95622090435803,8.970053269977042
8475745,14,13.421052172628448,19.192777777777778,1.1560490786109876,15.515394998157111,13.421052172628448,10.693920571395433
8475753,5,8.398514309776766,23.903333333333332,0.5451682048892789,4.57860296999792,8.398514309776766,13.318569673339505
8475754,14,13.517964477432182,19.77111111111111,1.0154839996170575,13.727276634224138,13.517964477432182,11.016159009315444
8475755,1,4.478341294515354,13.109444444444444,1.0,4.478341294515354,4.478341294515354,7.304380806530755
8475760,8,7.1725971379225415,10.082222222222223,0.9947401808115485,7.134870573865464,7.1725971379225415,5.617659146371156
8475764,3,8.43168197259092,24.648888888888887,0.5170894166644705,4.359933512707371,8.43168197259092,13.733981761416983
8475765,10,11.186561325884083,15.55638888888889,0.6985231916284363,7.814072520703783,11.186561325884083,8.66778061423363
8475768,1,7.954097759957739,11.178055555555556,0.851772366118322,6.775080669335648,7.954097759957739,6.228240624562532
8475786,10,11.461808092544356,15.426666666666666,0.9097381417047243,10.427243994687473,11.461808092544356,8.595501387284232
8475790,4,3.350468702660138,9.313611111111111,1.1652478143664908,3.9041263328780578,3.350468702660138,5.189400857358344
8475791,20,12.250915964310192,16.642222222222223,0.9815565878315082,12.024967271738863,12.250915964310192,9.272790246236188
8475798,8,9.498808901200986,14.089444444444444,0.8954098285968646,8.505326850098747,9.498808901200986,7.850421733034983
8475799,9,8.825191840415112,12.1725,1.0874611749440641,9.597053487884585,8.825191840415112,6.782329773339497
8475810,11,13.517834622759041,18.353055555555557,0.7169009536297093,9.690948532064658,13.517834622759041,10.226040265039911
8475842,9,8.036325660881026,11.462777777777777,1.2530186425314838,10.069665870538072,8.036325660881026,6.386883467438619
8475848,16,10.01121032903213,13.705,1.3538916600240278,13.554094171223005,10.01121032903213,7.636215201775955
8475906,6,5.5318812182588575,16.13138888888889,0.7194569157181968,3.9799501994079387,5.5318812182588575,8.988161770090702
8475913,11,10.850869444272098,15.109722222222222,0.9037796374637401,9.806794852510611,10.850869444272098,8.41890481779973
8476278,15,8.034072313749117,11.766111111111112,1.4383604654119864,11.555891992357735,8.034072313749117,6.555896135166118
8476292,10,11.264595957412748,15.276944444444444,0.957500096346056,10.7858517145221,11.264595957412748,8.512078467957197
8476312,11,7.101991190448651,20.555833333333332,1.53514391415545,10.902578554402865,7.101991190448651,11.453394161632461
8476331,8,8.823097428024282,25.705833333333334,0.8086442281885661,7.1347468099172175,8.823097428024282,14.322894948874067
8476372,8,7.235269560978161,20.578055555555554,1.2255554038647323,8.867223708874794,7.235269560978161,11.46577604205206
8476374,2,10.427149233218767,14.886111111111111,0.9105764463121376,9.494716493950676,10.427149233218767,8.294312146077536
8476389,10,12.427230061517715,17.561944444444446,0.9850668819700095,12.241652768223224,12.427230061517715,9.78524532210226
8476392,3,10.365561740008857,15.125,0.724576773585549,7.5106452819774265,10.365561740008857,8.427417360588203
8476393,18,10.407338628306213,14.913333333333334,1.6588452356343468,17.26416409919906,10.407338628306213,8.309479949591543
8476399,12,11.595818935770865,16.00138888888889,1.0323780540326963,11.971268987826617,11.595818935770865,8.91572776963606
8476419,2,10.813702197702268,15.528055555555556,0.7796403307693673,8.43079835825803,10.813702197702268,8.651993716698643
8476422,5,3.349862458134659,9.54111111111111,0.7828816838402788,2.622545961857797,3.349862458134659,5.316160358153969
8476429,15,6.856835883298157,19.500555555555554,1.6634728594717225,11.406160393718299,6.856835883298157,10.86540961520685
8476432,11,10.546482564907487,14.98861111111111,1.051873098681359,11.093561295738164,10.546482564907487,8.351423569512926
8476438,4,7.329266259585452,10.106666666666667,0.796184737683229,5.835449934298584,7.329266259585452,5.631279214832713
8476441,7,7.425216755429347,21.945,0.7932693173489576,5.89019662674748,7.425216755429347,12.22741646136252
8476453,17,14.852072601705235,20.27861111111111,1.2006300837960362,17.83184517233017,14.852072601705235,11.29893020339799
8476454,3,11.757362785309033,17.19611111111111,0.528457961559862,6.213271970844193,11.757362785309033,9.581408615694643
8476455,9,9.552501321160209,13.466666666666667,1.0,9.552501321160209,9.552501321160209,7.5034195342757775
8476456,10,8.658098432534276,11.845555555555556,1.0863424878165329,9.40566019095971,8.658098432534276,6.6001613576661775
8476457,1,8.739630368846491,25.745833333333334,0.7248066172997085,6.334541924093429,8.739630368846491,14.34518233362934
8476458,6,6.94361361751385,10.180555555555555,0.7259061522773866,5.040411843990344,6.94361361751385,5.672448967227872
8476459,6,15.031796871282376,21.294166666666666,0.8607737662833265,12.938976406899654,15.031796871282376,11.864782138573572
8476460,20,16.764504779404543,24.494444444444444,1.3312693502537778,22.318071385004238,16.764504779404543,13.647927692500785
8476461,11,12.416944100297206,17.718333333333334,0.6138293874677677,7.621885191306946,12.416944100297206,9.872382805555173
8476462,2,8.054581722446303,22.78638888888889,0.9382029762484861,7.556832544435779,8.054581722446303,12.696225408749513
8476463,10,6.302343635050459,18.628888888888888,0.49619586352010725,3.127196842194314,6.302343635050459,10.379730355748158
8476467,3,6.758046693527422,19.618055555555557,0.7569244795583702,5.115330976329409,6.758046693527422,10.93087880792547
8476468,4,12.306147834522609,17.34138888888889,0.8637362414751564,10.629265877628193,12.306147834522609,9.662355158937759
8476469,4,9.4221559663207,13.169166666666667,0.7667335830743804,7.224283404342722,9.4221559663207,7.337657110158423
8476473,8,6.867632583028335,19.968055555555555,1.5258044965974407,10.47866467616373,6.867632583028335,11.125893424534123
8476479,11,10.865188086486524,15.645277777777778,1.0231615620555554,11.116842814596964,10.865188086486524,8.717308135912019
8476480,8,7.9022657288502165,11.438611111111111,1.200666144268123,9.487982923640718,7.9022657288502165,6.373418172482307
8476483,7,11.292270247305794,15.219166666666666,0.720571547454083,8.136888646370837,11.292270247305794,8.479885578866245
8476539,6,10.398958293378788,14.323333333333334,0.5141313801275414,5.34643077926358,10.398958293378788,7.980741024451242
8476624,6,8.997967765024041,13.050833333333333,0.8344626077750217,7.508467645877545,8.997967765024041,7.271723596924069
8476822,3,7.409848810069572,10.510555555555555,0.7007491621602664,5.1924453453904995,7.409848810069572,5.856319891458887
8476826,17,13.054783691911444,18.859166666666667,0.9823326308895468,12.82414000976932,13.054783691911444,10.508037591596233
8476853,6,8.293594250107121,23.469444444444445,0.5314936494878567,4.407992675360938,8.293594250107121,13.076813458146875
8476854,9,6.777993859180776,19.425555555555555,1.2048044978167018,8.166157487714983,6.777993859180776,10.823620768790711
8476869,4,8.5130716037161,25.012777777777778,1.0340220698613956,8.80270392055279,8.5130716037161,13.936735053287885
8476871,3,6.513523930392334,9.054166666666667,0.9458349186155406,6.160718376603009,6.513523930392334,5.04484240345955
8476872,11,8.936419501646009,12.7975,0.7998211744873657,7.14753754151831,8.936419501646009,7.130570160140663
8476873,3,8.051382316789887,10.88,0.5769180670921313,4.644987923622188,8.051382316789887,6.0621686534346875
8476874,2,3.803616193023606,11.2375,0.8775488982043534,3.3378591993801026,3.803616193023606,6.261362154684955
8476875,10,8.770485799391869,25.331944444444446,1.164222780596482,10.210799364549962,8.770485799391869,14.114569810814347
8476878,10,10.734170261122554,15.501944444444444,1.0311535902245057,11.06857820283764,10.734170261122554,8.637445007205617
8476879,0,7.302724936521966,21.565555555555555,0.8056753940456263,5.883625790839156,7.302724936521966,12.015995853197902
8476880,19,12.93060040688027,17.690555555555555,1.6239796110114473,20.999031418909883,12.93060040688027,9.856905455030676
8476881,16,12.940590062634506,18.730833333333333,0.7232160534146342,9.358842473955162,12.940590062634506,10.43653223217306
8476882,5,11.07366872366189,16.454722222222223,0.44925905678539446,4.974945965946263,11.07366872366189,9.16831813019584
8476885,9,8.767934376612809,25.678333333333335,0.968138873602365,8.488578111193378,8.767934376612809,14.307572371854816
8476887,16,15.286760036954425,21.268055555555556,1.4599932850836697,22.31856700463885,15.286760036954425,11.850233429080546
8476889,8,6.528467858676419,9.484722222222222,0.7505256033540225,4.899782278610463,6.528467858676419,5.284741336589241
8476891,3,6.0077233334021365,17.585833333333333,0.6602161578838777,3.9663960168080807,6.0077233334021365,9.798555843553325
8476892,10,8.460912436951434,24.63361111111111,0.5686647095563315,4.8114223135405405,8.460912436951434,13.725469218628511
8476897,4,6.367349375721514,9.1525,1.4662240146563348,9.335960564389906,6.367349375721514,5.099632224316267
8476902,3,8.614410676632874,25.5575,0.6841173360589142,5.893267683815551,8.614410676632874,14.240245897073256
8476905,12,13.72769812937778,20.026666666666667,0.9005036363878752,12.361842084739724,13.72769812937778,11.15855063414081
8476906,9,5.120009185947869,14.773055555555555,1.7003096236414488,8.705600891999781,5.120009185947869,8.231319329442835
8476917,10,8.641138180859075,24.654166666666665,0.9917954760909546,8.570241756052852,8.641138180859075,13.736922458016638
8476921,12,11.858572968771297,16.328055555555554,0.7186616009991315,8.522301035302203,11.858572968771297,9.097741411804135
8476923,5,7.695891984589604,22.23638888888889,1.1158457809678946,8.587428601788947,7.695891984589604,12.389773868364486
8476925,6,8.036278627550088,11.766944444444444,0.741831615456197,5.961565556531592,8.036278627550088,6.556360455681852
8476927,1,5.909458870117899,8.492222222222223,0.8216070222751332,4.8552529055349405,5.909458870117899,4.731735602348991
8476931,4,8.996263655266112,25.6025,1.301495715812882,11.708598605651982,8.996263655266112,14.265319204922939
8476958,2,4.148261334639137,11.724166666666667,0.6305083124014524,2.6155132535035186,4.148261334639137,6.532525335874128
8476967,3,8.057982539054946,23.662777777777777,0.7196352284556202,5.798808105384205,8.057982539054946,13.184535817797366
8476981,20,10.107213741569826,13.8125,1.6098293148783998,16.2708889729209,10.107213741569826,7.696112548305756
8476994,8,7.606848718082998,11.12138888888889,0.8893118780403528,6.7648609194472415,7.606848718082998,6.19666682949256
8477015,6,13.300507697124477,17.825277777777778,0.4249613846192905,5.652202167109548,13.300507697124477,9.931970605074483
8477018,8,4.479208485292801,12.992222222222223,0.9561933215630983,4.2829892395257385,4.479208485292801,7.239066387317382
8477220,10,7.844918607614412,22.9675,0.8625354482917775,6.766520388031204,7.844918607614412,12.797137734169228
8477346,4,8.307631329833718,24.308888888888887,0.8896712177037632,7.391060481447098,8.307631329833718,13.544538990997149
8477365,1,4.437476698892564,12.361944444444445,1.1338784539660507,5.031559218850674,4.437476698892564,6.887885303916562
8477369,2,6.597063920815252,18.738611111111112,1.1178555103536796,7.37456425603878,6.597063920815252,10.44086589031992
8477380,7,6.735816424176161,9.521944444444445,0.8521728831964986,5.740080102872528,6.735816424176161,5.305480986292067
8477402,8,13.756534737196297,19.078333333333333,0.5527748572458627,7.604266525551435,13.756534737196297,10.630153887234508
8477404,18,14.220879723206748,20.420277777777777,1.1511491017380127,16.370352919293765,14.220879723206748,11.37786469107292
8477407,5,8.890410241196154,12.082222222222223,1.0674218113661416,9.489817803445694,8.890410241196154,6.732028384134885
8477409,9,12.970124332233652,18.554166666666667,0.7193386427255067,9.329911633130024,12.970124332233652,10.338096282837265
8477416,12,10.779257943686918,14.6875,0.69893492224557,7.533999812735758,10.779257943686918,8.183649089827387
8477425,12,7.062045694426332,9.713888888888889,1.4731093293410031,10.403165396691893,7.062045694426332,5.412429478416335
8477426,6,7.421344551134503,10.109444444444444,0.5863870716873503,4.351780499322634,7.421344551134503,5.632826949885161
8477429,9,12.440113726216726,17.701944444444443,0.5055579018521251,6.28919779422795,12.440113726216726,9.863251168745718
8477444,6,12.577344974254773,17.559444444444445,0.9997903425917674,12.574708040705023,12.577344974254773,9.783852360555054
8477446,16,10.472941567242046,15.348888888888888,1.235219358546508,12.936380164783781,10.472941567242046,8.552164805815643
8477447,7,7.986836139851867,23.037222222222223,0.7211905065604264,5.760030401514888,7.986836139851867,12.835985883985712
8477450,6,9.738706913314081,14.095277777777778,1.0041388121032317,9.779013591356732,9.738706913314081,7.853671976645127
8477451,20,13.226568314450255,18.40277777777778,1.5936180210143307,21.078097622085068,13.226568314450255,10.25374472247876
8477456,18,13.547460800478502,18.17972222222222,0.8491054385319501,11.503222643984703,13.547460800478502,10.129461597767055
8477476,6,12.417609907132915,17.101944444444445,0.6843405166224211,8.497873579063034,12.417609907132915,9.528940397416601
8477478,11,8.921128134973806,12.167777777777777,1.493317004758799,13.322072345588534,8.921128134973806,6.779698623750333
8477479,14,14.326310484576357,20.085277777777776,1.2066519426110207,17.286870376662694,14.326310484576357,11.191207843747495
8477488,4,3.6863012539029505,10.845833333333333,0.8795749119070039,3.2423781006643657,3.6863012539029505,6.043131512289557
8477492,15,16.22568244582208,23.725,1.0962960398913986,17.78815140989013,16.22568244582208,13.21920508297224
8477494,6,10.606850790334304,14.8425,0.6167541724808222,6.5418194818201885,10.606850790334304,8.270012705754075
8477495,7,5.503099690226925,15.616944444444444,0.5841616997256844,3.214700068802848,5.503099690226925,8.701521238377032
8477496,6,11.293536466106577,16.22833333333333,0.6726667206647436,7.5967861393636085,11.293536466106577,9.042177723421192
8477497,10,12.270735412975716,17.613611111111112,0.5703197975453379,6.998243336460718,12.270735412975716,9.814033194077822
8477498,11,8.841708221492313,25.815277777777776,0.8840209244289882,7.816255075495019,8.841708221492313,14.38387570994058
8477499,8,4.589389375308167,13.209722222222222,1.014810601299009,4.657360991551765,4.589389375308167,7.360254041924187
8477500,9,12.176147969372881,17.20777777777778,0.7400613444752421,9.011096436743584,12.176147969372881,9.587909102914931
8477501,15,11.85685287998263,16.549166666666668,0.7900351420575719,9.367330449392808,11.85685287998263,9.220941121979125
8477503,10,12.367857926907922,17.53638888888889,0.7244133030105327,8.959440811996368,12.367857926907922,9.771006159619722
8477504,10,9.101314703120252,26.555833333333332,1.326707117154904,12.074778992096212,9.101314703120252,14.796501874923651
8477505,14,13.968100621376523,20.50166666666667,0.9636050662784306,13.459732525045311,13.968100621376523,11.423213328109696
8477506,2,7.813164529222636,22.389166666666668,0.8169944468790677,6.3833120329274,7.813164529222636,12.474899296249216
8477507,16,8.4222823010164,24.099444444444444,1.2874108133797868,10.842937307665705,8.4222823010164,13.427839768042448
8477511,17,12.623471019322979,17.183611111111112,0.6276241757779306,7.9227955939591785,12.623471019322979,9.57444380795862
8477527,3,7.0624924125212445,9.845,1.2364932975324767,8.73272453195649,7.0624924125212445,5.485482572891958
8477573,5,5.895849176220409,8.1925,1.2802865977215079,7.548376682502383,5.895849176220409,4.5647349901896765
8477810,3,5.305694606004011,15.26388888888889,0.9146322461372202,4.852759374807582,5.305694606004011,8.504804113210684
8477839,10,9.413555437021586,12.88888888888889,0.7759050182319317,7.304024902989533,9.413555437021586,7.1814906433662555
8477845,3,5.592843813530898,16.113611111111112,0.6602375652003517,3.69260558199149,5.592843813530898,8.978256265755025
8477903,14,7.443432201284263,9.997222222222222,2.4529304990082,18.25822186382991,7.443432201284263,5.570298453766196
8477919,5,10.568578598375076,15.484166666666667,0.4374561507028432,4.623289712045611,10.568578598375076,8.62753950286994
8477932,10,7.251713097771489,21.046944444444446,1.3089738897150343,9.492303100687407,7.251713097771489,11.727033718905558
8477933,4,11.558140174648072,16.49222222222222,0.6265458828333661,7.2417051396366725,11.558140174648072,9.189212553403907
8477934,10,12.855437304948214,18.661666666666665,1.1499255652964135,14.782796010025178,12.855437304948214,10.397993629367063
8477935,12,12.615732836809556,18.0125,1.3112485661283149,16.54236159292443,12.615732836809556,10.036287947609587
8477939,10,13.063960684770572,17.502222222222223,0.945809228703707,12.356014579078407,13.063960684770572,9.751969018474592
8477940,12,13.516249772703071,18.48611111111111,1.4167735326924598,19.14946493922619,13.516249772703071,10.300176774052249
8477942,15,10.499927556377273,14.644444444444444,0.7991019794340188,8.39051289421488,10.499927556377273,8.159659196514419
8477946,19,13.35727543579496,19.185,1.5182490980984986,20.279671383448928,13.35727543579496,10.689586913248572
8477948,12,9.421927881065432,27.02388888888889,1.402140195701338,13.210863803040978,9.421927881065432,15.057295231261413
8477949,8,14.369721240007168,19.36611111111111,0.7678760216580011,11.034164378111182,14.369721240007168,10.790499238668287
8477950,5,7.484991819374966,21.47083333333333,0.8474257300919696,6.342974657266251,7.484991819374966,11.963218087909368
8477951,14,14.264432875040734,20.774722222222223,0.8078061334732253,11.522896366975019,14.264432875040734,11.575355683765494
8477953,1,6.384859651799004,8.97,1.048091002053639,6.691913950425866,6.384859651799004,4.997946031370327
8477955,13,8.270565764850971,11.407222222222222,1.473904341872126,12.190022790552808,8.270565764850971,6.355928766389626
8477956,30,15.863468366303493,21.511388888888888,1.376723385246459,21.839607871007463,15.863468366303493,11.985815019675133
8477960,9,14.958224054138071,21.00583333333333,1.3105397494211544,19.60334720369559,14.958224054138071,11.704127240129301
8477964,14,14.76221408837733,20.35222222222222,1.0781757969492147,15.916261939471154,14.76221408837733,11.339945182287904
8477969,7,8.685263743845187,25.38388888888889,0.9787643377505784,8.500826416433744,8.685263743845187,14.143512456295156
8477986,10,7.166326544521798,20.674444444444443,1.2115317747792516,8.682232317132154,7.166326544521798,11.519482448372061
8477987,17,12.092733217632585,17.746944444444445,1.02182831120684,12.356697161648361,12.092733217632585,9.888324476595404
8477989,11,13.820062787180166,19.720555555555556,0.706390208306753,9.762357031048603,13.820062787180166,10.987990231360861
8477998,7,9.926819361932038,13.654722222222222,0.9969389029164144,9.896432404133947,9.926819361932038,7.6082011973266175
8478010,9,10.796197194992855,15.41388888888889,0.8556582594427814,9.237855300468626,10.796197194992855,8.588381806042964
8478013,2,5.030733494956235,14.724444444444444,1.3450155182075025,6.766414618682401,5.030733494956235,8.204233966024967
8478020,13,14.241827338943683,19.401944444444446,1.1525088601132107,16.413832192335146,14.241827338943683,10.81046502084489
8478038,7,6.912716337171251,20.59722222222222,0.9796682112082505,6.7721684486266085,6.912716337171251,11.476455413913962
8478042,9,10.393385640619739,14.033055555555556,0.929592050105886,9.66160866520478,10.393385640619739,7.819002711470256
8478046,1,6.224267852297331,8.274166666666666,0.43769437010918877,2.7243269970021533,6.224267852297331,4.610238400731695
8478047,22,10.773952847855108,15.145,1.8735972504939755,20.186048432693067,10.773952847855108,8.43856105296584
8478055,4,8.771241758042233,25.174166666666668,0.9158417714578506,8.03306958957047,8.771241758042233,14.02665845983521
8478057,10,7.281240586095881,10.179444444444444,1.2208404427936157,8.889232981216141,7.281240586095881,5.671829873206892
8478109,5,11.154563597922916,15.216944444444444,0.588884240144932,6.5687467085111555,11.154563597922916,8.478647390824285
8478133,8,9.589128953008059,13.962777777777777,1.2141843689757117,11.642970486834816,9.589128953008059,7.77984501464328
8478136,6,6.556623485918174,19.335,1.0359343008689326,6.792231166945467,6.556623485918174,10.773164606080854
8478178,6,7.69709883394012,22.194444444444443,1.1551845896546566,8.891569958016454,7.69709883394012,12.366403069072495
8478233,13,8.737192766285403,12.221944444444444,1.0202273281278706,8.913922831285516,8.737192766285403,6.809879457273101
8478366,6,5.97950720564069,8.354722222222222,1.5045729726937782,8.99660493163468,5.97950720564069,4.655122717252734
8478396,1,8.133691533543619,23.76388888888889,0.528225919955862,4.296426692943284,8.133691533543619,13.240873373706535
8478397,13,8.725617863131411,25.40861111111111,1.3718758992528062,11.970464852519754,8.725617863131411,14.157287298261956
8478398,13,17.067959051153395,23.6725,0.5027873623866855,8.581554112653372,17.067959051153395,13.18995289048094
8478399,2,8.310192231407745,23.658055555555556,1.2887500490171462,10.70976064556864,8.310192231407745,13.181904668208203
8478401,4,11.88136265217935,17.086111111111112,0.753286716038097,8.950072654317877,11.88136265217935,9.520118307617638
8478402,35,17.062187270782907,24.765555555555554,1.4972928085347343,25.547090298416133,17.062187270782907,13.798986633619867
8478403,14,14.167402693605442,20.565277777777776,1.1275358325300149,15.974254190922387,14.167402693605442,11.458656460810792
8478407,14,8.56499963627142,25.124166666666667,1.4249393815778326,12.204605284922959,8.56499963627142,13.998799228891116
8478414,10,14.855919163512285,20.16027777777778,0.9202072201268938,13.670524075885488,14.855919163512285,11.232996690163636
8478416,4,5.210928813264645,15.128333333333334,1.0288736110844732,5.361387145207724,5.210928813264645,8.429274642651142
8478420,29,12.325695797611623,17.273055555555555,1.0472697766580132,12.908328685119336,12.325695797611623,9.624280876647497
8478421,21,11.066976574175488,14.9325,1.7108910552755539,18.934391229700935,11.066976574175488,8.320159321453444
8478427,13,13.578258668949346,19.46527777777778,0.9750140646000766,13.238993175003527,13.578258668949346,10.84575338004074
8478434,5,10.796041810560002,14.92388888888889,0.6238738891394516,6.735368591666195,10.796041810560002,8.315361342790851
8478438,4,12.25426607387335,17.455555555555556,0.7988087733624273,9.788815250927579,12.25426607387335,9.725967069593437
8478439,14,14.1641622006437,19.40138888888889,1.1825505819784716,16.749838253608676,14.1641622006437,10.8101554738344
8478440,9,13.790867829944442,19.768055555555556,0.6920799756572263,9.544383472039975,13.790867829944442,11.014456500757749
8478443,4,5.33422744775699,15.216666666666667,0.7253688277363292,3.8692823106584386,5.33422744775699,8.478492617319041
8478444,5,13.453062750819162,18.569166666666668,0.36617459600229535,4.926169817774735,13.453062750819162,10.346454052120492
8478445,21,15.729895471008057,22.4675,1.0812374700191445,17.00775238273835,15.729895471008057,12.518545424728295
8478449,9,8.202970956083277,12.065277777777778,1.317912721466319,10.810799776840886,8.202970956083277,6.722587200314942
8478450,11,8.252424219920554,23.63361111111111,1.4829022953013895,12.237538817520969,8.252424219920554,13.168284599746647
8478454,4,3.840292651762475,10.629166666666666,1.3043363593870931,5.009033336380872,3.840292651762475,5.922408178198486
8478458,13,11.319280061774158,16.491666666666667,0.6555444669850834,7.420291414750622,11.319280061774158,9.188903006393419
8478460,10,9.691896187404476,27.753888888888888,0.8286248163336839,8.030945698213165,9.691896187404476,15.464040003045174
8478462,8,10.16022633301966,14.749722222222223,0.5092676677079483,5.174274768001802,10.16022633301966,8.218318355002259
8478463,9,13.760527385997204,18.736666666666668,0.7646383151267023,10.521826475683747,13.760527385997204,10.439782475783204
8478468,16,6.081561465681944,17.474166666666665,1.4989451401733307,9.115927003649348,6.081561465681944,9.736336894444849
8478469,5,6.0687524675987365,17.265,1.0387329993462968,6.3038134529590755,6.0687524675987365,9.619792444995394
8478472,12,6.779596834019116,9.289166666666667,1.4561364890562403,9.872018331105398,6.779596834019116,5.1757807888967875
8478474,8,12.621292053613093,17.494166666666665,1.0436700282508031,13.172464234156013,12.621292053613093,9.747480586822487
8478483,14,14.994550830522023,20.616944444444446,0.6550750173578006,9.822555645576637,14.994550830522023,11.487444332786355
8478493,14,11.485986395200445,16.885,1.1184265709921122,12.846232378446086,11.485986395200445,9.408062289820286
8478498,3,12.95991586193571,17.79277777777778,0.9719086617507751,12.595854481776579,12.95991586193571,9.913862104960822
8478500,7,9.758097273244728,27.89777777777778,1.1470160359839623,11.192694053103079,9.758097273244728,15.544212678762065
8478507,7,8.167034594700798,23.953611111111112,0.8646958877662455,7.062001229282446,8.167034594700798,13.346583677788843
8478508,8,10.859268564859372,15.870555555555555,1.1297248691024946,12.267985757984588,10.859268564859372,8.842829448665682
8478519,10,10.877261727425834,15.855277777777777,1.258105014096517,13.684737518914584,10.877261727425834,8.834316905877209
8478542,13,10.575703571693452,15.375555555555556,1.226791265302219,12.974180766179007,10.575703571693452,8.567023062319159
8478550,12,16.302525523408303,22.278333333333332,0.8462689905681996,13.796321818407055,16.302525523408303,12.413144667656475
8478569,4,8.764267223917381,12.456666666666667,1.0099658045184539,8.851610197818435,8.764267223917381,6.940663069205094
8478831,6,10.404534437281624,15.2025,1.0080629098738025,10.4884252607283,10.404534437281624,8.470599168551548
8478840,8,7.008548826613113,19.732499999999998,1.1023147172759786,7.725626518322926,7.008548826613113,10.994645492086393
8478851,7,6.8090650178574395,19.553333333333335,1.2033402253273562,8.19362183285719,6.8090650178574395,10.894816581203393
8478854,10,7.605523606852451,21.710833333333333,0.8855900402183101,6.735375956873769,7.605523606852451,12.096942396441017
8478856,14,11.943761362509768,16.305,1.4527906714061989,17.35178508895598,11.943761362509768,9.084895210868803
8478859,15,6.895868685438472,19.954722222222223,1.371793786707105,9.45970981663259,6.895868685438472,11.118464296282365
8478864,13,17.020970991694977,23.745277777777776,1.1246492821993137,19.142622808145095,17.020970991694977,13.23050354885512
8478873,11,10.631477550299692,14.735277777777778,1.4133710903452619,15.026223017248249,10.631477550299692,8.210270132729521
8478874,6,8.061591790233544,11.217777777777778,0.6373870549229849,5.138354249168272,8.061591790233544,6.250373235812562
8478882,6,9.623390210696803,27.329444444444444,0.7506968664190337,7.224248875497694,9.623390210696803,15.227546087030872
8478891,11,9.078905971967362,12.796666666666667,0.8480126071110469,7.699026723004096,9.078905971967362,7.130105839624928
8478904,4,8.269071844217713,11.604444444444445,0.6305770601064187,5.214287013335567,8.269071844217713,6.4658179551135495
8478911,8,8.131845498706731,23.28388888888889,0.71767906544329,5.836055277841071,8.131845498706731,12.973424756643238
8478970,2,7.370667438457939,21.080555555555556,0.9810507645599041,7.2309989258159515,7.370667438457939,11.745761313040196
8478975,16,12.13012326206818,16.763333333333332,1.2878080976279467,15.621270962116526,12.13012326206818,9.340271494522991
8479026,1,3.0011149529165007,8.642777777777777,0.8634978711674428,2.5914563729721785,3.0011149529165007,4.81562284219176
8479066,8,6.186388760351735,8.401666666666667,1.3692900971245487,8.470960866512245,6.186388760351735,4.681279439639133
8479293,15,6.110470760864029,8.352222222222222,1.0836151142371144,6.621398471576223,6.110470760864029,4.6537297557055295
8479316,6,6.447854535838656,9.15638888888889,1.2236068358128513,7.889638886379079,6.447854535838656,5.101799053389696
8479318,7,11.899128366633468,16.828611111111112,0.9447214708889832,11.241362052822794,11.899128366633468,9.376643268255558
8479323,6,6.2116418595360425,17.64527777777778,1.2545428504829526,7.792770884641575,6.2116418595360425,9.831677373675747
8479324,7,6.8155619969296275,19.975,1.3150127434907692,8.962550880013856,6.8155619969296275,11.129762762165248
8479325,18,7.694893407554708,21.823611111111113,1.7637139580677694,13.571590908747899,7.694893407554708,12.159780439570472
8479336,4,6.4636201172299055,8.778888888888888,0.8815185767058538,5.69780120610783,6.4636201172299055,4.891461859761791
8479337,8,15.341207226810385,20.70611111111111,1.2415119731462791,19.046292454603318,15.341207226810385,11.537126627969986
8479343,21,15.508784384183697,21.499444444444443,1.3188652823295735,20.45399729543491,15.508784384183697,11.9791597589496
8479345,12,9.084540784192399,26.169166666666666,1.0047923645146342,9.128077215078308,9.084540784192399,14.581057155622663
8479351,14,11.130101599068198,16.459722222222222,1.0461274438361465,11.64350473546982,11.130101599068198,9.171104053290247
8479353,16,8.587702051389245,12.786388888888888,0.9102918682785094,7.8173153445783035,8.587702051389245,7.124379219930864
8479359,18,9.228704549859708,12.580277777777777,1.0907657314748969,10.066354668893434,9.228704549859708,7.009537279039102
8479365,12,9.137317953017495,13.311666666666667,0.9729471215240202,8.890127200838124,9.137317953017495,7.417055918349089
8479369,6,7.548850978761492,21.44388888888889,0.687673200326807,5.191142511355065,7.548850978761492,11.948205057900608
8479370,13,8.500952314049178,12.510277777777778,1.3616694508513998,11.57548706918528,8.500952314049178,6.970534355717372
8479371,11,6.354056358543146,18.249444444444446,1.0551037522497444,6.704188705905221,6.354056358543146,10.16830974758354
8479378,11,6.560494764683362,19.09138888888889,0.8709043339468089,5.71356332339809,6.560494764683362,10.637428241981022
8479385,8,11.352755318165036,16.05388888888889,1.0658679153602566,12.100537644567634,11.352755318165036,8.944979962127357
8479390,2,8.773833939585936,11.885,0.6163693750247462,5.40792254191349,8.773833939585936,6.622139195410961
8479398,4,5.935234223416051,16.621388888888887,1.0027654180425067,5.9516476272239895,5.935234223416051,9.261182233342815
8479407,9,14.981703101163816,20.177222222222223,0.8733630816591736,13.08446638893523,14.981703101163816,11.24243787398358
8479410,12,8.407547482416883,24.366666666666667,0.797005773136972,6.70086388140947,8.407547482416883,13.576731880088102
8479420,16,14.921142630899121,21.16861111111111,0.8961331439458959,13.371330457092766,14.921142630899121,11.794824514202851
8479425,5,9.591510771080221,27.911666666666665,0.881269272874552,8.4527037229983,9.591510771080221,15.551951354024311
8479442,6,6.397336280239255,18.134166666666665,0.949458302153115,6.074004042938487,6.397336280239255,10.10407874290688
8479520,13,9.814293002165302,13.470555555555556,1.213798187694392,11.912571059529997,9.814293002165302,7.505586363349208
8479525,11,9.488704805252887,13.806111111111111,1.28983748680316,12.23888715902445,9.488704805252887,7.692552757685122
8479542,20,13.039671801997311,17.990555555555556,1.3003896108269617,16.95665373991059,13.039671801997311,10.024060840695235
8479576,8,4.569359016388672,13.322777777777778,1.0901610400696555,4.981337177757933,4.569359016388672,7.423246858558887
8479591,13,6.585093783938286,9.328888888888889,1.7819353960602786,11.734211699976148,6.585093783938286,5.197913400146818
8479619,14,10.933982564786572,15.146666666666667,1.0887818292174876,11.90472153752044,10.933982564786572,8.43948969399731
8479638,9,8.889232905713554,12.098611111111111,0.8063339257086861,7.167690065402841,8.889232905713554,6.741160020944338
8479661,8,10.448647566946237,14.058055555555555,1.1092369948480159,11.590026427385476,10.448647566946237,7.832932326942302
8479671,8,9.619115215404024,13.16611111111111,1.0289716794692654,9.897797138202643,9.619115215404024,7.3359546016007275
8479675,4,11.493536050742804,16.121388888888887,0.9893006082677398,11.370562206147053,11.493536050742804,8.982589923901882
8479705,9,6.172423386453462,8.566944444444445,1.0,6.172423386453462,6.172423386453462,4.773369675259886
8479977,8,7.924337661945463,10.949722222222222,0.9310532433571023,7.37798028161116,7.924337661945463,6.101016803251173
8479980,4,6.1749429875542,18.07027777777778,0.9960046684477514,6.150272043002688,6.1749429875542,10.06848083670054
8479982,6,3.5582964784557998,10.268888888888888,1.0953181899195836,3.897466857979435,3.5582964784557998,5.72166694189577
8479983,7,8.405472960688424,24.56,0.7504410158265542,6.307811667121656,8.405472960688424,13.684454239738596
8479987,15,13.56475024482447,19.363055555555555,0.6685714728904093,9.069005050572835,13.56475024482447,10.788796730110594
8479992,2,8.118691661463604,11.5475,1.1082138519808735,8.99724655919558,8.118691661463604,6.434089386538332
8479996,12,9.976009203070754,14.19,1.0534305427284774,10.50903278905511,9.976009203070754,7.906449741933659
8479998,10,8.152491008221201,24.11861111111111,1.0063522876909214,8.204277976503072,8.152491008221201,13.43851913990435
8479999,11,10.752640045055324,15.368333333333334,0.49087774883778224,5.278231739379747,10.752640045055324,8.56299895118279
8480002,14,15.3540555527455,21.820833333333333,1.2134944657012146,18.632061439325668,15.3540555527455,12.15823270451802
8480003,13,9.0375928464873,12.844166666666666,0.87851115258921,7.9396261081995565,9.0375928464873,7.156572109021816
8480009,9,12.35117143442572,17.324444444444445,0.5508202694970374,6.803275578114485,12.35117143442572,9.652913975117816
8480012,20,12.623010479628814,18.359166666666667,1.3929132166779419,17.58275813133914,12.623010479628814,10.2294452821553
8480014,22,14.696953634138753,21.44472222222222,1.2852651088239446,18.889481711961814,14.696953634138753,11.948669378416342
8480015,16,13.782326692982073,18.767777777777777,0.9488214122697305,13.076966677198055,13.782326692982073,10.457117108370639
8480018,6,15.53046471090872,22.48472222222222,0.7711461633818767,11.976258277354887,15.53046471090872,12.52814138205348
8480023,7,11.066820865341368,16.244722222222222,0.7662844606387047,8.480332857783274,11.066820865341368,9.051309360230647
8480027,18,15.84736059726209,22.273055555555555,0.9650696163209287,15.29380621129913,15.84736059726209,12.41020397105682
8480028,9,11.932554801794163,17.403333333333332,0.9365943387971796,11.175963274747515,11.932554801794163,9.696869650607384
8480035,3,3.777880699135571,10.905,0.6891398576556962,2.603488167242489,3.777880699135571,6.076098268906733
8480036,11,8.49018222492797,25.121111111111112,1.3832581005547173,11.744113337817288,8.49018222492797,13.99709672033342
8480039,20,15.52470638616924,22.710277777777776,1.5190194229761644,23.582330536593176,15.52470638616924,12.65381746831239
8480043,6,4.536330419147876,13.16388888888889,1.069035187713387,4.849496841163697,4.536330419147876,7.334716413558769
8480049,5,7.22744578183784,21.044999999999998,0.6155719311923095,4.44901275751363,7.22744578183784,11.72595030436884
8480064,8,6.617161071853768,9.448611111111111,1.3329057818837193,8.820052252329756,6.617161071853768,5.264620780907396
8480068,11,10.684778681043008,15.6175,0.7970045183229919,8.515816886072455,10.684778681043008,8.701830785387521
8480069,13,8.176935716940225,23.767777777777777,1.7421785895318949,14.245682334031894,8.176935716940225,13.243040202779962
8480074,7,7.663804164203523,10.291944444444445,0.8788838615247282,6.735593797804484,7.663804164203523,5.734513142831102
8480084,2,3.1167397722580223,9.243333333333334,0.6973764516478083,2.1735409230868976,3.1167397722580223,5.150243160531369
8480113,6,12.504316206594783,17.405833333333334,0.608664525113322,7.61093368575383,12.504316206594783,9.69826261215459
8480144,4,6.083452120723785,8.779166666666667,0.7912122683961418,4.813301952117185,6.083452120723785,4.891616633267037
8480145,7,5.288896251988066,15.724722222222223,1.1826101363352433,6.254702317626564,5.288896251988066,8.761573358412077
8480185,18,11.41031933500144,16.375833333333333,1.1651404241961556,13.294624310197174,11.41031933500144,9.124362454706269
8480188,16,11.83542153690133,16.035555555555554,0.8198901471814241,9.703745505844228,11.83542153690133,8.934764910781189
8480192,3,3.1926815509414226,9.136666666666667,0.9092744270341289,2.903023687934696,3.1926815509414226,5.090810134517303
8480196,1,3.046578447515601,8.760277777777778,1.03811375595211,3.162694994953169,3.046578447515601,4.88109203491038
8480208,15,13.730507546399128,18.796388888888888,1.0962831150839993,15.052523584650796,13.730507546399128,10.47305877941087
8480220,8,12.940995726869671,17.501944444444444,0.8009519767325649,10.365116108323939,12.940995726869671,9.751814244969346
8480246,4,7.190193993978739,21.233888888888888,1.0817315383044945,7.777859609814359,7.190193993978739,11.831196287935416
8480281,4,7.935397893680587,11.088611111111112,1.0168529770957404,8.069132972628372,7.935397893680587,6.178403555873655
8480289,12,8.248850432462614,11.916944444444445,1.017784239395522,8.395549963291385,8.248850432462614,6.639938148514132
8480336,10,8.772125527301577,25.22,0.8777611724562638,7.699831187777754,8.772125527301577,14.052196088200626
8480355,20,10.22575788141457,14.584444444444445,1.660070533573563,16.975479342393953,10.22575788141457,8.126228119381507
8480426,16,6.713695213829864,19.475277777777777,1.0,6.713695213829864,6.713695213829864,10.851325226229559
8480434,9,5.8591499369253315,17.073055555555555,1.2779277867988301,7.487570511417494,5.8591499369253315,9.512843952871124
8480448,15,9.981233101927625,14.522777777777778,1.452562055350881,14.498360469472239,9.981233101927625,8.091868401217125
8480459,6,9.401703600343007,13.849722222222223,0.7255144169076553,6.82107150554146,9.401703600343007,7.7168521980085805
8480727,3,8.033757953718254,23.54277777777778,1.4098154006358934,11.326115688133095,8.033757953718254,13.117673663531544
8480748,18,11.979958524690314,16.67388888888889,1.173621227276969,14.059933626474233,11.979958524690314,9.290434425834114
8480762,4,8.455731020985619,11.419722222222223,0.702784798252709,5.942559219662551,8.455731020985619,6.36289357412565
8480796,11,7.745663043088044,22.266666666666666,0.8067694039105378,6.248963956164023,7.745663043088044,12.406644180436185
8480797,13,13.457689012091858,18.634166666666665,0.9097745871787413,12.243463465355752,13.457689012091858,10.382671052347812
8480798,6,6.183929299357395,9.135555555555555,0.9374029437152036,5.796833528944319,6.183929299357395,5.0901910404963235
8480800,22,9.920452116301535,28.786666666666665,1.2147500213547273,12.050869420125839,9.920452116301535,16.039487895545943
8480801,15,10.100853729421631,13.62111111111111,1.9473833433029162,19.670234305814827,10.100853729421631,7.589473603191976
8480802,2,13.002489462519517,18.355555555555554,0.647385464333474,8.4176226781843,13.002489462519517,10.227433226587115
8480803,15,9.152223204515474,26.53527777777778,1.2470098277488686,11.41291228178204,9.152223204515474,14.785048635535524
8480806,3,8.558855287155822,12.119444444444444,0.7901599961045883,6.76286506035878,8.558855287155822,6.752768033837709
8480807,7,8.99542894700753,25.509166666666665,0.816482829415892,7.344613278462327,8.99542894700753,14.213315307160633
8480813,5,7.317777048540099,10.435833333333333,0.8756677185220039,6.4079411327477915,7.317777048540099,5.814685818547993
8480817,10,8.064328435655824,23.08138888888889,0.8085223926027538,6.52019012153087,8.064328435655824,12.86059487131966
8480830,17,13.491171521340922,18.354444444444443,1.1940533953880454,16.10917916281963,13.491171521340922,10.226814132566135
8480834,2,5.80952629547504,16.988333333333333,0.898246426805575,5.218386236343484,5.80952629547504,9.46563803377141
8480835,9,11.444740259046466,16.650277777777777,0.8972192386826017,10.268441142141791,11.444740259046466,9.277278677888292
8480839,21,9.016436074178731,25.6175,1.8749370262867648,16.905249840625384,9.016436074178731,14.273676974206168
8480840,6,8.436726615597523,12.466944444444444,0.798592876039032,6.737509772305074,8.436726615597523,6.946389688899157
8480848,14,6.187260007854165,9.0825,1.1829266377371452,7.31907467789643,6.187260007854165,5.060629300994536
8480849,9,9.696466939038661,14.147777777777778,1.3557528244578798,13.146012439864117,9.696466939038661,7.882924169136425
8480855,10,10.01878078862503,14.649444444444445,1.1355272137657524,11.376598234237228,10.01878078862503,8.162445119608828
8480860,9,8.26290425669158,23.93722222222222,0.6367745911054529,5.261607479398287,8.26290425669158,13.33745204097939
8480865,11,8.407702749916064,24.200277777777778,0.8300172384339592,6.978538218058937,8.407702749916064,13.48402255044637
8480873,3,7.0485333822986815,20.054444444444446,0.7098032520177268,5.003071916711111,7.0485333822986815,11.174027984665306
8480878,4,4.635722648679,13.851111111111111,0.5332281727210375,2.4718979171966313,4.635722648679,7.717626065534805
8480879,4,4.976057008945424,14.0625,0.8004891309430605,3.9832795506138474,4.976057008945424,7.835408703026221
8480893,14,14.771314787229437,20.08,0.9196188655144091,13.58397974678815,14.771314787229437,11.188267147147842
8480950,4,4.325975173062231,12.450833333333334,1.0030006448773747,4.33895588830493,4.325975173062231,6.93741282559495
8480980,14,10.468627530969684,14.856111111111112,0.772343763409457,8.085379185000978,10.468627530969684,8.27759660751108
8480995,25,10.720516992250676,14.831666666666667,1.572039602938245,16.85307727579046,10.720516992250676,8.263976539049523
8481006,14,5.181940018032996,15.11,1.4630531051237428,7.581453433948159,5.181940018032996,8.419059591304975
8481013,10,7.542155815699276,10.663888888888888,1.3409683145482605,10.11379197223862,7.542155815699276,5.941754866354106
8481024,18,9.877301669258145,14.266111111111112,1.2269649913528435,12.119103357210747,9.877301669258145,7.94885768237078
8481032,14,10.073111667543508,13.461666666666666,0.9166452713658189,9.233470177993615,10.073111667543508,7.500633611181367
8481043,5,7.135586170832703,9.86,0.9161299841845222,6.5371244458322595,7.135586170832703,5.493840342175186
8481056,7,5.312072521375451,15.160555555555556,0.8476073231077002,4.502551569997017,5.312072521375451,8.447228369259559
8481068,7,11.734383490204472,17.086111111111112,0.7022808542128182,8.240832861161588,11.734383490204472,9.520118307617638
8481122,9,6.545920049250126,18.424722222222222,1.2079132563939274,7.906903602784018,6.545920049250126,10.265971829393111
8481133,9,7.340028363311323,10.197777777777778,0.9151251530182094,6.717044579133272,7.340028363311323,5.68204492455306
8481167,6,2.894110088761362,8.41,2.1727063361270025,6.288051327300893,2.894110088761362,4.685922644796482
8481219,6,5.42286368070275,15.695833333333333,1.0,5.42286368070275,5.42286368070275,8.7454769138666
8481237,8,7.087797087810816,9.903888888888888,1.1011194301314648,7.8045110902177015,7.087797087810816,5.518294556003889
8481481,8,7.03473054468639,10.248055555555556,0.7810360057038437,5.494377845824682,7.03473054468639,5.710058929002399
8481522,19,12.421358317480165,17.68777777777778,1.3483230185581878,16.748003341217707,12.421358317480165,9.855357719978226
8481524,13,8.949408141078884,25.355555555555554,0.9911030521592952,8.869785723642526,8.949408141078884,14.127725558760167
8481525,3,6.683704176507574,18.859444444444446,1.0,6.683704176507574,6.683704176507574,10.508192365101477
8481527,7,6.8783493313173905,19.83277777777778,0.5357973678218811,3.685401466679254,6.8783493313173905,11.050518727479826
8481528,18,13.303645061506902,18.98638888888889,0.9539457515845047,12.690955687012686,13.303645061506902,10.578923856998426
8481532,8,7.269737282566919,10.704722222222223,0.7619107630336113,5.538891080014453,7.269737282566919,5.964506571625117
8481533,12,14.625528870886285,20.924444444444443,0.5630386855219192,8.234738550526693,14.625528870886285,11.658778603092527
8481540,13,14.653958140832893,20.23138888888889,1.0107329702514105,14.811238637623868,14.653958140832893,11.272618707506348
8481542,16,9.986571116103326,28.36111111111111,1.5068881018411249,15.048645193046344,9.986571116103326,15.80237488551066
8481546,5,7.942269981634389,22.795277777777777,0.8851765259138645,7.030310950213101,7.942269981634389,12.70117816091735
8481553,8,10.857937447586107,14.870833333333334,0.8621280441946539,9.360932375675302,10.857937447586107,8.285799603289062
8481554,6,9.83716696991228,13.661111111111111,0.9817078403270625,9.657223940969297,9.83716696991228,7.611760987947251
8481557,16,13.959065863885737,19.496666666666666,0.9076430927320768,12.66984971234801,13.959065863885737,10.863242786133421
8481559,13,12.470288849716976,17.840555555555554,1.2492521852217202,15.578535595854984,12.470288849716976,9.940483147862954
8481563,2,5.201585184354312,15.1525,1.122428245111903,5.838406130274885,5.201585184354312,8.442739937607454
8481568,7,8.323339937892506,24.583333333333332,0.7868628575232832,6.549327047667764,8.323339937892506,13.697455214179172
8481580,8,11.856352852997038,17.0675,0.871575866614777,10.333711012741478,11.856352852997038,9.509748482766225
8481581,4,7.700263052816953,22.7175,0.6702631971829884,5.16120293293113,7.700263052816953,12.65784157944876
8481582,8,10.889455852442902,14.61361111111111,0.8238176953741949,8.97092642423855,10.889455852442902,8.142479337432226
8481593,5,4.72358865714901,13.439722222222223,1.218754526142035,5.756895055533533,4.72358865714901,7.488406504267016
8481596,12,12.015585711506683,17.11277777777778,0.9966785424471921,11.975676453593788,12.015585711506683,9.534976564121155
8481598,15,8.921822989209314,26.144444444444446,1.1026806591612233,9.837921654661082,8.921822989209314,14.567282313655863
8481601,12,12.623555334331574,17.122777777777777,0.5993995009813243,7.56655276800848,12.623555334331574,9.540548410309972
8481604,5,14.32852992055649,19.746944444444445,0.6826278876473505,9.781054112761336,14.32852992055649,11.002693714359133
8481605,10,9.012952363894511,26.415,0.7622488665275031,6.870112723444971,9.012952363894511,14.718031707764455
8481606,0,7.139675615055994,20.550833333333333,0.5786456738316599,4.1313424072135465,7.139675615055994,11.450608238538054
8481607,13,6.8060574320234615,19.317777777777778,1.2310889758578973,8.378862273619793,6.8060574320234615,10.763568648755665
8481617,8,13.757781298457257,19.113055555555555,1.009970016138091,13.8949466000272,13.757781298457257,10.649500575390128
8481618,7,5.804259889987225,8.467222222222222,0.8626685077148171,5.007152217684248,5.804259889987225,4.717805986876944
8481624,10,13.41830495702884,18.91583333333333,0.6389615621630753,8.573781096923684,13.41830495702884,10.539611386666204
8481656,13,13.369901470379427,19.121111111111112,1.022794208163497,13.674657787620701,13.369901470379427,10.653989007042233
8481711,6,11.032928642511646,14.952777777777778,0.7669363611058112,8.461554145427959,11.032928642511646,8.331457787336326
8481716,4,8.993310011537954,12.380555555555556,0.5656731334545532,5.087273854354878,8.993310011537954,6.898255128767975
8481719,3,2.959400413546559,8.376111111111111,1.171260282893535,3.466228165565787,2.959400413546559,4.667040277156596
8481721,8,11.041755001700187,15.01138888888889,1.0,11.041755001700187,11.041755001700187,8.364114996943014
8481725,11,7.739221509410847,10.401111111111112,0.8249955398904054,6.38482322748784,7.739221509410847,5.795339130392373
8481789,11,8.203457986013774,11.280277777777778,1.7246068212531485,14.14773960054297,8.203457986013774,6.2851972744926785
8481806,4,6.581167959779177,19.411944444444444,0.7437247493582745,4.894577491371475,6.581167959779177,10.816036867033707
8482055,11,12.691010823242534,17.48638888888889,1.0446485301548865,13.257645802680068,12.691010823242534,9.743146928675628
8482062,6,8.47173796617459,11.9975,1.123597840039877,9.518826480177589,8.47173796617459,6.684822465035172
8482073,6,8.489537884853524,24.0875,0.8006781543480151,6.797387524912072,8.489537884853524,13.421184507316914
8482074,16,10.5047385080722,15.339444444444444,1.247916616921344,13.109037740636827,10.5047385080722,8.546902506637315
8482077,11,10.675760904234396,15.077777777777778,1.1201004039358453,11.957924101155452,10.675760904234396,8.401105864696559
8482078,24,14.93318555176036,20.25777777777778,1.7152815957299414,25.614618342554817,14.93318555176036,11.28732219050462
8482079,7,8.271331041836623,12.066944444444445,1.3682509219501011,11.31725632374745,8.271331041836623,6.723515841346412
8482087,9,3.786755974807741,11.171666666666667,1.0513050407536633,3.98103564441943,3.786755974807741,6.224680833941898
8482088,19,12.508467873860749,17.225277777777777,1.0,12.508467873860749,12.508467873860749,9.597659833745363
8482089,13,10.692927741267624,14.851944444444445,1.2468345345095582,13.33231158282776,10.692927741267624,8.275275004932405
8482092,25,12.231041951515419,17.29861111111111,1.4269189677109897,17.45270575548619,12.231041951515419,9.638520039130034
8482093,13,11.646533684643433,16.849166666666665,1.0230690388400776,11.915208022566745,11.646533684643433,9.388096507643684
8482095,6,6.237093043932642,18.030277777777776,1.2550806973501745,7.828055087016903,6.237093043932642,10.046193451945264
8482097,9,13.277431216120643,17.90388888888889,0.7692828449830954,10.214100060004649,13.277431216120643,9.975771507058807
8482100,7,7.239453250631098,20.756666666666668,1.0,7.239453250631098,7.239453250631098,11.565295405924571
8482105,8,7.382548360293466,21.189722222222223,0.7609812701471285,5.617981028138723,7.382548360293466,11.806587300601468
8482109,12,15.027028254480852,20.2525,0.9809677729277588,14.74103044052059,15.027028254480852,11.284381493904965
8482110,8,14.25123732176578,20.241944444444446,0.4398606792554193,6.268558928582078,14.25123732176578,11.278500100705656
8482111,1,3.9923697850529174,11.536111111111111,0.8834048890506944,3.526878987014017,3.9923697850529174,6.427743672823289
8482113,16,10.741769201107065,15.364722222222222,1.1133573934614829,11.959428158909397,10.741769201107065,8.560986895614604
8482116,24,14.090842028328261,20.173333333333332,2.002055722184351,28.21065091321034,14.090842028328261,11.240271044910148
8482122,4,9.55157294954146,27.973333333333333,0.8227848767814989,7.858889772357969,9.55157294954146,15.586311072188694
8482124,22,15.023190231703772,21.110833333333332,1.0139310339930094,15.232478805505085,15.023190231703772,11.762631625111897
8482126,11,5.179711246122317,14.724166666666667,0.8033583066833162,4.161164055793354,5.179711246122317,8.204079192519723
8482131,6,3.5120721658219787,9.887777777777778,1.0,3.5120721658219787,3.5120721658219787,5.509317692699682
8482142,5,8.464368099091013,24.454166666666666,0.5720315192508991,4.841885343221877,8.464368099091013,13.625485534240266
8482145,13,12.593207401969552,18.6875,1.1354925113590892,14.299492698928278,12.593207401969552,10.412387565354846
8482146,17,13.653164711506468,19.023611111111112,1.396289916308285,19.063776212372595,13.653164711506468,10.599663506701251
8482148,5,7.387529776917128,10.626388888888888,1.1291650780781253,8.341740637357104,7.387529776917128,5.9208604431460365
8482149,7,10.368886824934226,15.032777777777778,0.6300518524503079,6.5329363518974,10.368886824934226,8.376032556846875
8482155,12,14.510805192378175,20.453055555555554,1.0399546740510417,15.090579684057808,14.510805192378175,11.396127964691827
8482157,13,13.735468260965732,18.4625,0.8658656129341707,11.893069644718942,13.735468260965732,10.287021026106425
8482165,1,5.857903398997101,17.055,1.0,5.857903398997101,5.857903398997101,9.502783675030201
8482166,3,4.428528104131122,13.181111111111111,0.9938522803793516,4.401302755014763,4.428528104131122,7.344312370883956
8482172,8,6.013763668533981,8.28138888888889,0.9643637815783636,5.799455872906003,6.013763668533981,4.6142625118680645
8482175,8,13.573048894911171,18.869722222222222,1.1712917525625415,15.898000227737572,13.573048894911171,10.513918984795541
8482176,10,7.609435983198736,22.239722222222223,1.0596871241848729,8.06362133370476,7.609435983198736,12.391631150427425
8482177,14,11.190500909035817,16.100277777777777,0.612148924750554,6.850253098886373,11.190500909035817,8.970827137503266
8482178,5,4.904503452649599,14.20861111111111,1.0,4.904503452649599,4.904503452649599,7.916819566785072
8482201,15,10.009557653018618,14.434166666666666,1.0427631822985541,10.437598191662541,10.009557653018618,8.04249565304398
8482245,3,8.272584593459461,23.724444444444444,1.1054485018176277,9.144916244999349,8.272584593459461,13.21889553596175
8482259,7,13.103938583922645,18.636944444444445,0.9832156845352245,12.883997944899043,13.103938583922645,10.384218787400263
8482408,8,5.949340975669259,8.370833333333334,1.1847170155529856,7.048285485201972,5.949340975669259,4.664099580556942
8482475,13,10.603844579819226,14.3825,1.0461355984792742,11.093059295690393,10.603844579819226,8.013707781068419
8482476,10,13.957133184777106,18.933888888888887,0.5292548149700952,7.386879941222182,13.957133184777106,10.549671664507127
8482482,3,5.067917417413033,15.065555555555555,0.8666692927479703,4.3922084038544735,5.067917417413033,8.394295830465781
8482511,5,6.346053893338354,18.297777777777778,1.070310166751541,6.792246000793239,6.346053893338354,10.195240337496164
8482655,18,8.503410406503782,24.595,0.9972756455107048,8.480244102188504,8.503410406503782,13.70395570139946
8482659,19,13.364041749885985,18.000833333333333,0.8351477765035821,11.16094975251832,13.364041749885985,10.029787460389299
8482660,4,10.206045286064937,14.608055555555556,0.5038299477623603,5.142111263338381,10.206045286064937,8.139383867327329
8482665,16,14.7395015384395,21.511388888888888,1.0962012669910455,16.157460261253842,14.7395015384395,11.985815019675133
8482667,17,14.17769821280265,19.676666666666666,1.122334819894864,15.912124370189597,14.17769821280265,10.963536017532157
8482671,4,8.76209913205485,24.727222222222224,0.3759170319610032,3.293822299470141,8.76209913205485,13.777627889896065
8482679,11,13.3891025269754,18.496388888888887,0.9736841040589472,13.036756298131428,13.3891025269754,10.305903393746311
8482684,7,7.822477458661296,22.067777777777778,1.322238418515149,10.343180223810714,7.822477458661296,12.295826350680793
8482691,6,8.335201271676228,12.116388888888888,0.8413568326180259,7.012878541171252,8.335201271676228,6.751065525280015
8482699,8,13.22614382969705,18.409444444444443,0.9229579155289237,12.207174139542925,13.22614382969705,10.257459286604638
8482702,13,12.541660948836581,17.995555555555555,1.3308797532074226,16.6914426283988,12.541660948836581,10.026846763789644
8482703,10,7.370448083624179,10.72638888888889,1.3868728352813495,10.221874231029854,7.370448083624179,5.9765789050342235
8482705,4,12.908771755521819,18.418055555555554,0.7820160950068067,10.094867279587334,12.908771755521819,10.262257265267232
8482713,27,11.462839172000285,15.556944444444444,1.0957422468987936,12.5603171501671,11.462839172000285,8.66809016124412
8482720,16,14.64382173126291,19.6,1.1019649276875936,16.136977955161143,14.64382173126291,10.920818530084548
8482730,13,8.040879449696808,23.76361111111111,1.7858509871375396,14.359812502695002,8.040879449696808,13.240718600201289
8482733,9,5.737206264931446,16.834444444444443,1.0,5.737206264931446,5.737206264931446,9.379893511865701
8482737,17,11.34549821246494,15.5525,1.0015468443669815,11.363047932465491,11.34549821246494,8.6656137851602
8482740,11,14.962715316232371,22.115555555555556,1.059001020573901,15.845530790446823,14.962715316232371,12.322447393582927
8482745,16,10.900386642054475,15.855555555555556,1.8865999686732655,20.564669097426453,10.900386642054475,8.834471679382455
8482751,9,8.417386671847781,12.292777777777777,1.048539204406711,8.825959924082925,8.417386671847781,6.849346701110566
8482762,10,8.473363142068774,23.9325,0.9644592892140152,8.172213793251885,8.473363142068774,13.334820891390226
8482768,14,8.869545901365788,12.952777777777778,1.0519305929618568,9.33014667932612,8.869545901365788,7.217088549572597
8482775,5,11.167669486986163,16.06222222222222,1.2423443435520884,13.874091017816514,11.167669486986163,8.949623167284706
8482803,14,6.468575539040462,18.933611111111112,1.2625903876420004,8.167161297328658,6.468575539040462,10.549516891001883
8482809,16,13.704754548939675,18.7025,1.3616657092989974,18.661294323650605,13.704754548939675,10.420745334638074
8482858,8,6.091333281517175,17.918333333333333,0.9668212030091856,5.889230171166325,6.091333281517175,9.983819729331545
8482859,12,6.060213021907275,8.726666666666667,1.3763001137025752,8.340671871112809,6.060213021907275,4.862364440775739
8482911,1,3.024949255242652,8.766666666666666,1.0,3.024949255242652,3.024949255242652,4.884651825531013
8482929,13,4.443680333235907,12.817777777777778,1.4155057645609406,6.290055127561508,4.443680333235907,7.1418686260235456
8482964,10,4.155755957586806,11.851111111111111,1.795822853418309,7.463001521863675,4.155755957586806,6.603256827771076
8483398,10,3.303181853598219,9.438888888888888,1.0,3.303181853598219,3.303181853598219,5.259203708223822
8483425,9,4.036442511090787,11.973888888888888,1.2158339329569585,4.907643773414173,4.036442511090787,6.671666717089349
8483431,12,8.648828241623761,12.726666666666667,1.2504887542437397,10.815262453536171,8.648828241623761,7.091102916303197
8483445,14,12.739058747725894,17.686944444444446,0.8576707783131433,10.925918431138925,12.739058747725894,9.854893399462492
8483450,10,12.569049755761766,18.5375,1.0,12.569049755761766,12.569049755761766,10.328809872522568
8483457,15,9.46372203830031,27.36277777777778,1.1281881850332791,10.67685939004947,9.46372203830031,15.246118907660268
8483464,11,11.423037308704592,16.148611111111112,0.8743597639001325,9.987844204261352,11.423037308704592,8.99775772741589
8483485,7,7.404317092845846,21.262777777777778,0.8993274439955331,6.658905565641492,7.404317092845846,11.847292732480893
8483489,10,12.206649852785436,17.510833333333334,0.7647417536903081,9.334934815102676,12.206649852785436,9.756766997137186
8483490,11,6.425755970273174,18.77861111111111,1.1837899734905117,7.606745489706179,6.425755970273174,10.463153275075193
8483493,18,10.554374198401208,15.641111111111112,1.3309547704557212,14.047394688536865,10.554374198401208,8.714986533333343
8483495,6,7.091470618157967,20.020833333333332,1.0591751133076759,7.511109195505519,7.091470618157967,11.155300390530664
8483499,7,10.054465505049299,13.916944444444445,0.8551723622331521,8.59830101694475,10.054465505049299,7.754307386277862
8483500,8,8.695311877720837,12.468055555555555,1.0,8.695311877720837,8.695311877720837,6.947008782920137
8483506,5,4.804052407381857,14.366111111111111,1.0,4.804052407381857,4.804052407381857,8.004576144258966
8483510,1,3.0231522189622377,8.721944444444444,1.0,3.0231522189622377,3.0231522189622377,4.859733291186575
8483512,6,11.703325432347409,17.054166666666667,1.0,11.703325432347409,11.703325432347409,9.502319354514468
8483515,11,15.119288621528682,20.69361111111111,0.8446630027167399,12.770703726001456,15.119288621528682,11.530161820233964
8483516,11,11.83748487011001,16.735,0.9777739696946569,11.574384572647904,11.83748487011001,9.324484596988004
8483524,3,10.189834938328135,14.828055555555556,0.973093721319208,9.915664399766207,10.189834938328135,8.26196448348134
8483525,11,10.539292830771053,14.796388888888888,1.0,10.539292830771053,10.539292830771053,8.244320303883413
8483553,2,5.700687864032705,8.045555555555556,0.7976845462488723,4.5473506121273815,5.700687864032705,4.4828598059150915
8483565,6,4.746546556405467,14.163611111111111,1.3440100275453648,6.379406168019868,4.746546556405467,7.891746258935388
8483570,5,6.118812341589377,8.908333333333333,0.7721723270044208,4.724777564308439,6.118812341589377,4.963586313205944
8483573,8,7.70175567374305,10.958333333333334,1.2375224858602218,9.531095826858568,7.70175567374305,6.105814781913767
8483609,9,9.503237776214146,13.078611111111112,1.1196810880168957,10.64059561295472,9.503237776214146,7.287200947448565
8483678,11,5.461869022897101,15.864444444444445,1.8295718157269139,9.992881625484435,5.461869022897101,8.839424431550293
8483690,9,9.946293274404807,14.109166666666667,1.0,9.946293274404807,9.946293274404807,7.861410651907375
8483733,12,7.463032738758708,9.983888888888888,1.0,7.463032738758708,7.463032738758708,5.562869325514439
8483752,11,5.508115362808416,8.05,1.0,5.508115362808416,5.508115362808416,4.485336181999011
8483808,13,7.539826761017405,10.598333333333333,1.1137440503229366,8.397437195548793,7.539826761017405,5.905228319116295
8483890,4,8.256555482487137,11.380277777777778,1.0,8.256555482487137,8.256555482487137,6.340915736380865
8484136,5,8.233557152105744,11.871944444444445,0.9782574997903539,8.054539033999951,8.233557152105744,6.614864840664448
8484142,6,5.869462749015657,8.378055555555555,1.0,5.869462749015657,5.869462749015657,4.668123691693311
8484144,23,13.365949128827713,19.810833333333335,1.0004680744210666,13.372205387728194,13.365949128827713,11.038291620565474
8484145,18,10.50856911967196,14.109166666666667,1.4640495293581337,15.385065673883151,10.50856911967196,7.861410651907375
8484150,2,2.852615727920829,8.315,1.0,2.852615727920829,2.852615727920829,4.632990106002705
8484153,19,12.141287691078006,17.571666666666665,1.1641888662253594,14.134751951592015,12.141287691078006,9.790662394785832
8484158,17,10.450324992308536,14.100277777777778,1.0,10.450324992308536,10.450324992308536,7.856457899739537
8484164,5,10.6000864955205,14.791944444444445,1.0,10.6000864955205,10.6000864955205,8.241843927799493
8484166,18,15.237481740814163,21.821944444444444,1.2366880128303381,18.844011014586027,15.237481740814163,12.158851798539
8484186,25,11.114012906984295,15.146944444444445,1.436212206004693,15.962080994704543,11.114012906984295,8.439644467502555
8484197,7,6.563786045257226,9.639722222222222,0.953363452660206,6.257673726629307,6.563786045257226,5.37110495251593
8484210,2,8.752320285469999,11.679166666666667,1.0,8.752320285469999,8.752320285469999,6.507452028024445
8484221,4,8.496810353311242,11.9875,1.0,8.496810353311242,8.496810353311242,6.679250618846353
8484223,4,5.559374955064487,15.809166666666666,1.0,5.559374955064487,5.559374955064487,8.808624504006545
8484227,7,11.767955057259394,17.28527777777778,0.610377162346115,7.182891014466603,11.767955057259394,9.631090910878276
8484240,4,5.978202272737409,17.443055555555556,1.0,5.978202272737409,5.978202272737409,9.719002261857415
8484241,10,8.9191811055858,12.445,1.0,8.9191811055858,8.9191811055858,6.934162581984806
8484258,4,7.62073541431896,22.261944444444445,1.1306234660290257,8.616182287827446,7.62073541431896,12.404013030847022
8484304,11,4.573670510925379,12.997777777777777,1.5310862595531443,7.002684075001257,4.573670510925379,7.242161857422281
8484321,4,4.182538177542538,11.68138888888889,0.8919540497791113,3.7306318658148103,4.182538177542538,6.508690216066404
8484387,13,12.450120438473633,16.8125,1.1166805603618208,13.902807467806895,12.450120438473633,9.367666404951349
8484471,16,12.62718288100554,17.87388888888889,1.0,12.62718288100554,12.62718288100554,9.95905596849235
8484762,27,14.449442535436667,20.083055555555557,1.0,14.449442535436667,14.449442535436667,11.189969655705537
8484768,6,3.063275378510306,8.963333333333333,1.0,3.063275378510306,3.063275378510306,4.994231467244447
8484783,6,6.253054905752869,18.40361111111111,0.7706593431222094,4.818975186174615,6.253054905752869,10.254209042994495
8484798,12,7.367818682587734,21.421944444444446,1.0,7.367818682587734,7.367818682587734,11.935977950986256
8484800,10,9.095377338476261,13.061944444444444,1.0,9.095377338476261,9.095377338476261,7.277914537133867
8484801,26,16.165242361979445,23.690277777777776,1.3608257989884953,21.99807885308335,16.165242361979445,13.199858394816617
8484806,5,6.344631202555055,18.324444444444445,1.0,6.344631202555055,6.344631202555055,10.21009859399968
8484829,11,10.27482759695187,15.211388888888889,1.0,10.27482759695187,10.27482759695187,8.475551920719386
8484860,3,5.720933686412789,8.115277777777777,1.0,5.720933686412789,5.720933686412789,4.521707955731577
8484911,8,13.168711372998885,18.279722222222222,0.672260055115748,8.852798633415608,13.168711372998885,10.185180059655242
8484984,15,12.604957829126986,17.21388888888889,1.0,12.604957829126986,12.604957829126986,9.59131412003032
8485366,30,9.506207530923234,27.095833333333335,1.0,9.506207530923234,9.506207530923234,15.09738156911986
8485402,4,5.872935499692536,8.55638888888889,1.0,5.872935499692536,5.872935499692536,4.767488282060578
8485414,11,11.068323887810964,15.840555555555556,1.0,11.068323887810964,11.068323887810964,8.826113910099226
8485702,5,6.3419749732837545,8.776111111111112,1.0,6.3419749732837545,6.3419749732837545,4.8899141247093425
