player_id,drawn,mu,theta2
8470600,2,14.94162957044414,0.4136568695504992
8470604,3,7.634525946912086,0.6806668976035141
8470610,1,4.548506159645699,0.6890605591264501
8470613,9,15.348688364806085,0.7135570133874383
8470621,27,16.33096212084979,1.4415746217040475
8470794,15,12.106301075691595,1.139083994263995
8470966,1,3.7489424614674314,0.7383407938706008
8471214,10,24.030343987721505,0.5484380587095585
8471215,45,24.640268920260198,1.629329065615952
8471218,2,7.074040470956473,0.6380266753656076
8471274,4,2.823064248607595,1.0975769869368919
8471675,37,28.981622167208712,1.215365112329351
8471677,7,9.084768276374652,0.8630911610496275
8471685,18,26.182183686870665,0.7513304438826751
8471686,2,2.5933067862256354,0.9232176068098535
8471698,13,8.377526721839125,1.2812474032940044
8471699,12,8.139328212512229,1.236623364281839
8471709,4,6.676041000341819,0.7978009324421402
8471724,19,16.778524666222097,1.0844750019281106
8471817,9,7.761147334220386,1.0699358852514127
8473419,57,27.129119883684286,1.859214086686774
8473422,16,22.48973987465906,0.7772070332117356
8473446,2,7.314386455929071,0.6276269715365769
8473449,6,8.916350589316101,0.8108109641361759
8473453,7,15.041009751383402,0.6343270017570903
8473504,8,8.898044174470606,0.9342014687807272
8473507,8,12.9274296777677,0.7493018058485852
8473512,27,34.187268282119575,0.8230667228171934
8473533,12,22.81884368394789,0.6365190801014178
8473563,2,1.1158066343447086,1.0828166150148464
8473986,15,26.47977139595599,0.6562694598985883
8473994,22,21.986889826154467,0.9944499804090611
8474009,2,4.917396158059486,0.7494583110949987
8474013,14,15.32048578073276,0.9342078691794509
8474031,2,5.186661793985366,0.7334645283754841
8474034,13,14.318910859566206,0.9312505710869532
8474037,13,18.163115894650186,0.7913776055882238
8474040,0,2.840540110930585,0.7062822094642611
8474053,1,1.0446038869409513,0.9739269414003221
8474090,16,6.607479345108569,1.6564936531384193
8474102,14,21.498518911696127,0.7347031065957739
8474141,16,24.38048652332674,0.7310129069722323
8474145,4,2.643783546937529,1.1171084552524297
8474149,9,17.940557792115463,0.6406623908632019
8474150,16,28.83651606198163,0.6411964596933301
8474151,6,15.84747005686484,0.5693930658101389
8474157,9,11.94604723363459,0.8388591022668195
8474166,3,8.65360153992307,0.637541607658035
8474189,22,21.55562152482613,1.009245615284936
8474563,9,12.799378467527314,0.8034753657333509
8474564,21,27.01904721851536,0.820161765375159
8474565,14,12.775613727014742,1.0518646528951903
8474567,9,11.327903779317705,0.8665012611182437
8474568,4,10.815017795171105,0.6168250985028745
8474574,9,14.708069292189021,0.7342046396867093
8474578,15,17.87223887850795,0.8795164333467492
8474586,11,20.648385612108935,0.6501069355048681
8474590,20,17.163883990271106,1.1081420616933337
8474600,19,15.418511299277005,1.1490235866577714
8474602,0,5.731310275289123,0.5511645297038084
8474612,12,10.289386527212377,1.0865803847558002
8474618,2,4.187988380679871,0.7965074151369353
8474641,11,23.519796841395028,0.5897941985749423
8474673,10,12.470364260238343,0.867006582099139
8474679,15,25.531583000218284,0.6751474707045922
8474709,7,8.522916361673389,0.8934868882412861
8474715,12,14.767298920908598,0.8673914110972122
8474716,0,7.11569641818061,0.49871089702298343
8474870,9,10.44056343444324,0.9095239999228786
8474884,5,9.286077875926146,0.733059176268946
8475149,17,23.10744106343607,0.7942321037714932
8475151,29,23.944495758546438,1.1555077254755548
8475158,18,26.789915267839238,0.7379874961760339
8475164,10,11.325328005587238,0.9199357335544612
8475166,26,25.596926902876874,1.0068636962473907
8475167,11,17.77504277115595,0.724215501654695
8475168,18,23.90040986861054,0.8060477000000452
8475169,12,13.21407145456665,0.932649568154788
8475170,18,25.756865105790958,0.7609591217839303
8475171,23,15.660490022653033,1.310207144761955
8475172,66,31.512988770966327,1.881026188908631
8475177,7,8.889216345971496,0.873432913789736
8475179,19,14.75008200628018,1.183649611471296
8475181,11,11.88354548829102,0.9451228137929406
8475184,10,22.12790856030608,0.5837360364826362
8475188,7,14.538988626754856,0.6488216043823097
8475191,11,22.445166537622146,0.6110088260455231
8475193,17,17.80165932764099,0.9612390847284079
8475197,3,4.819744790342516,0.8370603204631016
8475200,27,14.706339667037122,1.5473696107990564
8475208,16,14.806791670736768,1.0457253481808333
8475218,15,14.119408504923392,1.0326774920493853
8475220,21,17.784083035621858,1.1205446363653637
8475225,11,14.042516422949154,0.8500989139491563
8475231,24,18.224928684523363,1.2182225462495313
8475233,9,11.557244039089925,0.8560356209384645
8475235,3,8.799704124097602,0.6318026851289584
8475278,2,1.7431120870587096,1.0087756248597894
8475279,24,18.131721957344528,1.2226644343717405
8475287,14,20.87700275067857,0.7508339031539891
8475314,18,24.5439229591809,0.7898255176763739
8475324,17,15.502602336617919,1.0576019700364199
8475343,21,20.192825226155357,1.0228352192663013
8475413,1,5.390598744639751,0.6438045045061824
8475455,7,13.592779345667552,0.6780229398810107
8475462,32,15.071027108731132,1.7444942180195238
8475690,8,14.584363338064573,0.692907274068342
8475692,31,23.528247323469962,1.235644756158739
8475714,11,9.681772822611668,1.0667250504091503
8475718,4,9.400514311061832,0.6686626063052755
8475722,26,22.391410533726063,1.1150884583913192
8475726,24,23.046694227677804,1.0254916670198482
8475744,4,9.852906581856415,0.6511608546797719
8475745,30,25.805807584177384,1.1208846088222906
8475750,6,9.027057904403208,0.8053569203596427
8475752,5,3.6464271227235625,1.1062700052918863
8475753,5,14.061609164164999,0.5701773748046621
8475754,28,24.874021264999698,1.0913047959241782
8475760,20,20.853733420148874,0.9635805317871993
8475762,12,7.695640799341268,1.2728955267941875
8475763,27,18.66849607439881,1.3124634752412008
8475764,5,16.608452849323697,0.5097701944530164
8475765,15,27.371212566530126,0.6394594244368705
8475766,5,4.44203343786515,1.0321390776529822
8475768,20,25.13607898508764,0.8368761706784331
8475780,3,3.287911531926715,0.956684650942761
8475784,26,21.06543906548299,1.166974870685352
8475786,26,27.871450307528047,0.9419917636912306
8475790,12,8.525318760274397,1.2067087967892565
8475791,13,12.18462402797711,1.0325759595367447
8475793,6,8.83150377154168,0.8150412435195097
8475794,4,12.365101207794723,0.5685260583909276
8475795,1,1.1942504337887494,0.9570293891664933
8475797,6,3.835927834702508,1.176419068623181
8475798,23,25.905507049452087,0.9075520635576695
8475799,27,22.99620983003152,1.1257892687404818
8475810,16,23.72682202449975,0.7463489572826599
8475825,3,5.502795952852772,0.7928538738768908
8475842,24,17.491256796700295,1.2540851639322692
8475848,33,22.75549405173421,1.333531355722853
8475855,10,10.130085418104114,0.9825485712133164
8475906,0,2.365413731887019,0.7405370880656714
8475913,19,19.293938437218124,0.9824014914416717
8475958,6,3.3431311914524815,1.2302273949243807
8476278,22,12.563037053659256,1.4631683696330942
8476292,21,20.66362829370706,1.0056947616101397
8476312,21,11.61085013568687,1.4838181896265705
8476329,0,1.9470391529743962,0.7735742169230558
8476331,13,16.673132719262654,0.8402962575878106
8476346,17,15.130234918858887,1.0750574576918401
8476372,17,12.627099932049536,1.2092187403483874
8476374,16,16.175113055641916,0.9851100626099589
8476389,30,27.96931018988116,1.0523812520081175
8476392,15,21.91763794558911,0.7582842037459867
8476393,30,18.615804366539237,1.430296035027856
8476399,28,29.46038642607858,0.9556327777826635
8476419,17,21.259497768173333,0.8453883567411162
8476422,4,6.0819244203276055,0.8328776072468828
8476429,20,8.437186836843463,1.7175657915183333
8476432,16,13.451423297198914,1.1135980429390528
8476438,18,22.97381195300531,0.8306123414853914
8476441,8,10.74108334949765,0.8394531426194191
8476442,1,6.132524173362572,0.6085882415575621
8476448,22,17.246005768604686,1.1855015743201214
8476453,41,34.524552443207575,1.1501368631853344
8476454,11,25.20673099406009,0.559309682079005
8476456,32,31.684936965774376,1.0035454458092194
8476457,11,17.734140100662096,0.7253926222573068
8476458,16,26.88015243702988,0.6777564440357139
8476459,22,24.351625756259605,0.9204593922557365
8476460,42,28.331835069111133,1.3772576573954383
8476461,13,25.33090563688849,0.6182363753939832
8476462,7,7.286597792631627,0.9685424830145636
8476463,3,11.839180931019147,0.5321484873970872
8476467,10,15.364708005909327,0.7569235614623052
8476468,21,25.64969747699368,0.8541117732862382
8476469,14,20.326844336950806,0.765715401256802
8476473,21,10.130137705536656,1.6089304754384752
8476474,20,21.12210270243014,0.9545238679344075
8476479,26,24.09389720827432,1.0548685586356084
8476480,27,20.214008760093954,1.2390891995543398
8476483,18,26.24507495340938,0.7499273055705286
8476525,19,7.715666719601685,1.7333619424851234
8476539,11,26.24598443509592,0.5420496644428332
8476624,15,18.289339890295405,0.8652534848542105
8476792,11,7.827217854661213,1.1963801990150074
8476822,10,17.76222269321809,0.6848907430841156
8476826,22,22.37867999412168,0.9813798516400853
8476853,6,16.46217083655926,0.5547442328289512
8476854,13,9.912487024981449,1.167852134154342
8476856,12,12.695776233946303,0.9566667762753323
8476858,8,9.736766491217299,0.8885614127603607
8476867,0,4.042206348052038,0.6323082015154637
8476869,17,16.082248855314845,1.0315300068201114
8476871,16,15.744001399633332,1.003435555159194
8476872,17,22.805918108695224,0.8021522096606636
8476873,4,11.579203989860426,0.5920294454641972
8476874,11,14.84176441127977,0.8195934361566134
8476875,22,18.023487911877265,1.1492915332137819
8476878,18,16.850485107961845,1.0400773285732987
8476879,12,15.813239587761382,0.8283605865987369
8476880,47,25.65315385805004,1.6398984047226444
8476881,14,19.756801591266626,0.781770075028235
8476882,7,22.242071531072305,0.48038825773758886
8476885,14,14.347228829168397,0.9759571926121718
8476887,46,29.45519828406389,1.4437552292731362
8476889,12,16.789968763677162,0.794956242855247
8476891,7,13.848915334272066,0.6698618890772234
8476892,7,16.56929894980479,0.5939342942388434
8476897,28,16.27623808417693,1.4870835492518664
8476902,9,15.213209072487368,0.717826202259306
8476905,22,24.888509181191353,0.9051689332728501
8476906,27,14.290238477441887,1.5770117404612738
8476913,4,6.499357161649775,0.8079197699071429
8476917,12,10.888892317262407,1.0510227003544133
8476918,10,14.471156394371528,0.7878041627768414
8476919,2,4.583826105672044,0.7702657577277747
8476921,16,24.74263408564949,0.7227845875050936
8476923,16,12.164999095404125,1.1867029148649328
8476925,14,20.971261657814477,0.7483420979468194
8476927,16,21.797894220929745,0.7956034936584936
8476931,21,14.074087405261475,1.3138581980510926
8476934,9,6.2322944356759145,1.1896566721432236
8476952,2,2.025765319748984,0.978624178994556
8476958,8,16.31438293604613,0.6424239609519725
8476960,6,4.469886366223816,1.113751137108374
8476967,9,14.256030065902074,0.7495082582709249
8476979,13,11.34664334744001,1.0786563389929962
8476981,43,24.291220719833984,1.584209658199918
8476988,2,1.70727923615762,1.0127312380186342
8476994,5,5.869975816202377,0.9213321337762126
8477015,5,19.562929733905726,0.45397591161209644
8477018,4,4.010095903411543,0.9837011713906206
8477021,24,25.006996082071957,0.9635187817516875
8477034,3,4.4180187238699515,0.8654399127632774
8477070,10,11.277718515497059,0.9222767695914834
8477073,5,4.178307220920287,1.0555860638950973
8477220,9,11.782787459990628,0.8459869156498008
8477244,3,3.439757914618842,0.9433213003695423
8477330,2,11.632613335641572,0.4854586177588211
8477335,13,8.50602330302889,1.2709169666269702
8477346,15,19.15185066957248,0.837179301892378
8477353,16,15.468037198630514,1.015528328879738
8477365,15,12.155304266709605,1.136234100407919
8477369,12,10.275836746012093,1.0874118696132005
8477380,10,11.707003834828706,0.901589090767677
8477384,6,4.541319135520334,1.1071059209173515
8477392,6,10.49422475757172,0.7394388536110149
8477401,4,1.9754727000076657,1.1964771575053195
8477402,13,27.94944541968037,0.5724800618498868
8477404,32,26.70402072925951,1.1499810644341084
8477406,17,17.48595722704206,0.9734181715909783
8477407,21,18.739243014789515,1.0796469891373233
8477409,17,30.375583593833515,0.6415444245952641
8477416,16,25.766729912614743,0.7004878293039876
8477425,26,16.092681276635837,1.4136665012762384
8477426,13,28.21524943403228,0.5682112339323236
8477429,7,22.820702219555496,0.4711997555482594
8477435,13,10.737891131468075,1.1147970245916794
8477444,19,19.4308367319588,0.977394785010112
8477446,24,17.954421036897756,1.231203979243435
8477447,7,10.811728678346528,0.7813858289861935
8477450,22,19.468090158627703,1.0875692927158838
8477451,39,20.53573508449363,1.6539167575582128
8477454,1,2.129913066031307,0.8633708489744555
8477456,21,29.23075068471503,0.770683576935989
8477473,10,7.325457567299011,1.1692933976001132
8477476,12,20.91955798802435,0.6791614028364091
8477478,19,9.988047556323613,1.5072376742547555
8477479,34,25.33003855924906,1.2592590029071924
8477482,2,3.5749712554349053,0.8408719529982075
8477488,12,14.220726510746724,0.889287737534333
8477492,37,33.826906041477486,1.072633780607151
8477493,18,27.75537343309742,0.7177382643721691
8477494,11,22.69211026149084,0.6059998799101792
8477495,6,13.79326551725093,0.6245022747095692
8477496,15,26.663713542170065,0.6527288586909097
8477497,10,20.655286098184856,0.6143425849747014
8477498,14,15.766215102724367,0.916257235656604
8477499,9,8.673876312145877,1.0092980761441501
8477500,20,26.375385526028197,0.8061971265335357
8477501,13,18.562370987803572,0.7792221169122938
8477503,14,21.043669264772948,0.7464391521426703
8477504,27,17.720560457134358,1.3619289255303988
8477505,24,24.470598671540476,0.979719529785389
8477506,10,12.322267972685019,0.8735068113372171
8477507,21,15.360758120744496,1.239686366245753
8477508,17,12.776031677681548,1.200306422540081
8477511,6,12.75461532487222,0.6566360962077458
8477527,15,11.923032558223463,1.1498703125778045
8477541,3,3.756409897874039,0.9166211210761579
8477573,21,14.484485557237015,1.2892543094773354
8477810,7,8.431193441543398,0.8986534798801675
8477839,5,8.791001004263752,0.7554313684606977
8477845,7,13.533396659355441,0.6799434776841501
8477846,2,6.984961687483188,0.6419691685340152
8477851,4,5.079025997542652,0.8996476414197232
8477887,1,2.6913929077982544,0.8154802321039926
8477903,56,18.944558585043303,2.3982312091463327
8477919,5,18.402861591184386,0.4743617132199369
8477930,3,3.9414979108046757,0.9017029998581219
8477931,9,10.3293003453368,0.9152219173602387
8477932,16,12.266574171122517,1.1805833930938996
8477933,15,32.36696506081699,0.559189368256619
8477934,35,27.969208652098448,1.193626568584696
8477935,32,26.43290225890362,1.159187964140876
8477938,2,5.107064525533002,0.7381209087703804
8477939,29,29.982329972774682,0.9690294544747998
8477940,37,23.064047839731227,1.45120749615202
8477942,22,28.103872621568705,0.8232648532445538
8477944,6,6.824050703974064,0.929818989435621
8477946,44,29.624346149458358,1.3831914706436457
8477947,4,6.881007690621853,0.786375339893412
8477948,29,18.81685173991441,1.381242129861745
8477949,20,27.669094044326854,0.776482518823858
8477950,4,5.563190850419959,0.8661265555842077
8477951,21,28.587511484333383,0.784446903960069
8477952,14,17.317065930058067,0.8588393724184475
8477953,21,18.865621629982662,1.0744583172275646
8477955,40,25.403478387682195,1.4391774671001372
8477956,46,32.776358644504676,1.3244997357821415
8477960,38,26.134184562004908,1.3482612307736237
8477962,3,3.2088237696025845,0.9637958957688931
8477964,29,23.884821618329216,1.157709616813853
8477969,17,16.936327198498212,0.9953746592054503
8477971,14,8.139805657149802,1.3650313494774515
8477979,16,10.548094961903681,1.2934263070370753
8477986,21,18.12988175324609,1.1053853928714759
8477987,24,20.691218066240893,1.1113855078966888
8477989,9,15.658030192222116,0.7039969110203377
8477993,3,2.229036660494,1.061551168217018
8477998,25,23.088264258882727,1.056861092779137
8478010,24,30.4288319365503,0.8255348797076333
8478013,19,13.471560355825993,1.2560486442016718
8478017,5,2.0784765149836906,1.2886760014305145
8478020,26,23.06388540645495,1.0904984280722645
8478021,4,3.6547808406582063,1.0152303321396106
8478028,3,6.411296612608775,0.740816932261987
8478038,17,17.795118527202593,0.9614883218457629
8478042,12,13.142420322722211,0.9358977180975109
8478043,20,16.574815021716987,1.1353343654731813
8478046,6,23.03354791425599,0.43508254196936264
8478047,52,24.382002431413902,1.8625925678106672
8478051,1,1.5589121938970587,0.9182087768118444
8478055,15,19.68295706433602,0.8207806599781462
8478057,21,16.592546234235733,1.1761223118237203
8478078,4,4.833482367590358,0.9176592957895855
8478099,5,9.102605316012335,0.7411939196559746
8478104,8,5.843072163752254,1.1492047991783814
8478109,6,13.164683488534486,0.6435621824566125
8478115,6,18.615704834338075,0.5088780555835939
8478133,30,23.611443135495822,1.2001191314593256
8478136,16,14.174575772114022,1.0763251190691832
8478146,10,5.871118806153892,1.2971343010062566
8478147,0,1.487564882046758,0.8134280923822301
8478178,18,15.31604596591558,1.1102375926585577
8478211,7,4.9008494399050555,1.15591970441964
8478233,24,24.557900629875036,0.9770457410331614
8478366,44,29.66194264285478,1.3817894999992208
8478396,6,16.345717361286553,0.5574612615944655
8478397,26,18.605825691416403,1.2772153568817914
8478398,11,27.115666895740986,0.5284040138679796
8478399,16,10.03028115320343,1.3317829344167091
8478400,0,3.1073061337542836,0.6884033438208113
8478401,18,26.96897910330154,0.7341460096240398
8478402,46,26.97321600404038,1.5479104852898635
8478403,29,22.181018011273505,1.2243215254430149
8478407,22,13.513401279984485,1.3967761121780111
8478408,4,5.709424379511406,0.8564878099310301
8478409,1,2.8651371489391315,0.8017191820483597
8478413,13,15.982494280582891,0.8650829077773411
8478414,24,24.64832882333882,0.9742915495476056
8478416,14,13.945122905725642,0.9943159500233363
8478420,36,34.75840102655326,1.0252485315327546
8478421,29,15.612104184292985,1.5733404505323327
8478424,18,10.701392132860772,1.3927913655441075
8478427,26,26.50929115216531,0.9797977013387398
8478430,0,4.743037673474212,0.5959075294615236
8478432,20,17.48538292211431,1.0938435505157946
8478434,11,19.182084633889026,0.6859259387689112
8478438,12,16.51435544246968,0.8041062833605229
8478439,37,30.33726046942614,1.1717412444624788
8478440,17,26.605242682640498,0.7126111591094595
8478443,9,15.22813060184361,0.7173534971159651
8478444,6,28.91991993623071,0.3646287237612251
8478445,24,19.20127671582853,1.1735620256974815
8478449,33,21.95370638617931,1.3699179963072754
8478450,16,8.879037392099317,1.4257870925612546
8478451,0,1.9429896930572061,0.77390839415454
8478452,1,2.253918475678189,0.8523162190403271
8478454,11,7.071338717013563,1.2587371651791686
8478458,11,19.040230026676173,0.6896017004182602
8478460,14,16.22688690271512,0.8984156281873561
8478462,7,17.891692355871314,0.5629179914997121
8478463,14,19.902023943371717,0.7776164661946157
8478466,8,14.952063898725903,0.681524429250857
8478468,18,9.74278954671562,1.470534088310498
8478469,15,17.095660911060712,0.9073642692809178
8478472,32,22.29570645812446,1.3205174869983582
8478474,25,24.772216583093147,1.001596229469799
8478477,4,4.603046917051227,0.9352312799581999
8478483,17,28.386670441554646,0.6771686806845759
8478493,24,19.46854430104339,1.1619017667602525
8478495,2,2.568262131105897,0.925529955254709
8478498,25,27.4276261423691,0.9252979876443139
8478500,21,15.574753036651153,1.2281550272723176
8478502,10,4.184047347570925,1.4855422593131573
8478507,9,10.703575405081484,0.8963328260855775
8478508,24,19.734303646075915,1.1505348111200797
8478512,1,3.7970350666049004,0.7351782739122389
8478519,36,28.42548473942923,1.2063265684929845
8478542,31,27.90279306169764,1.0826639572722099
8478550,26,29.491101311766034,0.9006696328399036
8478569,17,15.940141785180494,1.0378021868996736
8478585,14,10.186576471192977,1.2064446114022394
8478831,20,22.110537949838804,0.9225862423578998
8478840,17,14.271489476503733,1.1175964828804898
8478851,19,14.796264034264414,1.1811903138191546
8478854,4,5.018210098542277,0.9040425461499532
8478856,41,27.339888987777286,1.3877884737043913
8478859,24,18.248509423463396,1.2171038861775543
8478864,29,23.751962478919314,1.162642199524715
8478873,42,30.500618954426137,1.2985112685330364
8478874,3,10.02174115722739,0.5875638799791629
8478882,11,15.991787613156722,0.7793525636055861
8478891,19,22.27567053101427,0.8837952603871593
8478904,5,12.087429007279878,0.6278477766609399
8478911,9,15.196710924291459,0.7183495794749712
8478970,13,13.1237331132942,0.9853992952644886
8478975,31,21.22010266845136,1.3351889754493667
8479022,2,2.150148764906075,0.9659195165934672
8479026,2,3.1180753277480675,0.8772915175560468
8479066,24,18.35049093576779,1.2122894893776999
8479291,11,9.957359575705297,1.0498185614266913
8479293,22,19.913780476451677,1.069843059358949
8479314,57,26.90118463997625,1.8715576359404447
8479315,2,9.55942745631282,0.544694844437327
8479316,28,20.967779485517916,1.2414136285841004
8479318,26,26.975237290068993,0.9665287817575859
8479323,21,14.066349608244996,1.3143311117390457
8479324,21,13.245647009582262,1.3664999898902652
8479325,29,14.017079690022625,1.6903449676481492
8479328,4,3.0219461730256962,1.0766939527857595
8479336,10,12.135255099216192,0.8818557478694629
8479337,38,32.74687218201057,1.1263569689995718
8479339,11,9.894306604690023,1.0536392363131963
8479343,41,30.617148867122353,1.2682517972991536
8479344,4,6.010061723454268,0.8373306071149406
8479345,17,18.9153462069688,0.9206064554251233
8479346,5,5.2214933911566925,0.9685536543484653
8479351,22,19.493020102904385,1.0865622703471867
8479353,19,19.109653145298,0.9892228184858836
8479356,3,2.0734170228314874,1.0789324602200798
8479359,22,19.308563570361635,1.0940576758067941
8479362,2,1.288615307221204,1.0613568221199337
8479365,19,20.34111012467156,0.9453591200876865
8479367,1,2.9944183027060682,0.7917773592853711
8479368,21,10.710199423002202,1.5574850644887868
8479369,5,10.363615401745882,0.6886692921908013
8479370,15,8.65546718713426,1.3834385442572577
8479371,13,10.990753398530533,1.099494961000228
8479372,11,7.1560445458390705,1.2514277525339188
8479378,5,6.288717179208,0.8932119308221463
8479379,7,4.248638010283656,1.220468550855515
8479383,3,7.731166948187028,0.6763284319823821
8479385,32,28.457209081705095,1.0938028328524527
8479387,2,2.3193783376561807,0.9491547356687332
8479390,11,20.868139385495468,0.6450585948452134
8479393,17,14.775449590129503,1.0922333435306155
8479395,0,2.307181507239449,0.7449653620616759
8479398,13,13.07365635217017,0.9878058569985079
8479400,50,27.588404013427226,1.6349407566168461
8479402,8,11.462307272556131,0.8074081847075898
8479407,24,26.469692240902194,0.9219462610854114
8479410,8,12.150261964867806,0.7790411866933934
8479414,15,11.412508143163684,1.1810236609258609
8479415,9,6.52931313617775,1.1643455277752148
8479420,22,25.014265851073148,0.9016605262007402
8479421,2,4.074183906938585,0.8043861668761954
8479423,2,5.177401217463262,0.7340032430222897
8479425,13,16.222212453059058,0.8563155355852089
8479439,4,1.9736990102469192,1.196702809615914
8479442,9,9.730979823841531,0.9471295178519377
8479458,2,3.0466144726005466,0.8832749683877857
8479514,0,1.1987479089937285,0.8406517328279648
8479520,25,19.353015896133535,1.2042492141093182
8479523,0,1.1717476187855151,0.8432901884913406
8479525,27,19.84440438917679,1.2558799165127226
8479533,1,1.7233306191574105,0.9017169934253915
8479536,1,2.4618907220471025,0.8343984042158368
8479542,43,33.22241819585325,1.2361723531644797
8479543,6,7.327997760248437,0.8980701482524014
8479546,5,3.70082283177368,1.1008641878149414
8479547,2,3.23444661488456,0.8677192971820201
8479576,12,10.06258665083906,1.100667660407163
8479591,40,20.423198932696707,1.6965001930658525
8479619,18,16.688401178506844,1.04706672920807
8479638,8,11.599349991167896,0.8015938043351707
8479661,18,15.281822528420214,1.1119104903181458
8479671,20,16.971084196877364,1.1168974606857391
8479675,25,24.52349411046017,1.009392311811973
8479718,4,4.71897472042197,0.9263078260922646
8479772,5,5.040436728899963,0.982614886809184
8479941,9,17.534227706062165,0.6510897304840116
8479944,9,9.618478402357722,0.953379194024014
8479968,7,8.231490836480646,0.9101116825525041
8479972,0,1.841040639235168,0.7824178089170017
8479976,16,10.648786647867972,1.2862228136575613
8479977,8,8.795136932006155,0.9401262544275242
8479980,13,11.690189424671104,1.0592763160417449
8479981,16,8.55255267094248,1.4549107246761865
8479982,9,7.265783313317475,1.105998843559933
8479983,11,16.44820288757583,0.7644563740100715
8479985,1,1.0467118504109554,0.973684775336338
8479987,14,25.044848607256196,0.6544741539814519
8479992,24,23.4846324780571,1.0109649472988742
8479994,1,4.522836857588523,0.6905402325819178
8479996,15,13.554551857628077,1.0604735725276844
8479998,16,15.063460066408442,1.0337932892249548
8479999,10,26.485738679910657,0.5087339518795879
8480001,17,10.629653827093806,1.3429545256018334
8480002,32,23.29256700894079,1.2776717504236947
8480003,13,16.927319010026626,0.8315274992732115
8480007,1,3.6568488233426986,0.7444733437583283
8480008,4,4.553692494511844,0.9390826917311174
8480009,11,25.443543215828885,0.5552806812140464
8480011,20,10.27619500121313,1.5391848492975353
8480012,37,25.67511183432707,1.336751253493565
8480014,27,18.4934035174271,1.3213278263057833
8480015,24,25.686924032197837,0.9437372186046847
8480018,22,30.59248075827755,0.7693827211028758
8480021,1,2.709099155452019,0.8140562653857276
8480023,20,26.960688893023036,0.7924766443343596
8480025,9,8.152502678228807,1.0430660323837466
8480027,28,27.696145130912452,1.0036289676604675
8480028,21,23.37547826664422,0.9171647594452796
8480032,0,1.1475721266920342,0.8456666993788848
8480035,7,12.76635966005096,0.705765815885535
8480036,22,13.057997712225667,1.4278219609378509
8480039,43,25.8591295118664,1.5095959546359394
8480043,13,11.501248437455299,1.0698477610605155
8480049,5,11.523893832460763,0.6465139433615127
8480058,8,7.626158861144592,1.013114160736672
8480064,24,19.60162740571824,1.1561816505324967
8480068,15,20.498135946647505,0.7968241645359696
8480069,35,17.568005540051892,1.6902533781843856
8480070,1,2.3822626469338286,0.8411690235485503
8480073,7,10.12436026125277,0.8119805539019983
8480074,14,15.90229718784048,0.9109135222412514
8480078,15,9.026304833427671,1.3522649952301098
8480084,1,4.243011964982061,0.7070924809775814
8480113,11,21.253614277986937,0.6363900344546306
8480144,12,16.287350419633167,0.8118022880854944
8480145,19,14.205267879185667,1.2134546810380475
8480172,10,11.058009038899415,0.9332364416430973
8480184,0,4.253165216832685,0.6208917612480355
8480185,28,26.826000772792327,1.0291216639074334
8480188,23,29.72312774830084,0.8143001355290772
8480192,11,12.192516544384134,0.9302418768347759
8480196,7,6.358011671385213,1.0337667557197991
8480205,3,7.206950208365791,0.7005492996837521
8480208,33,35.68622837834796,0.9336086417641721
8480220,15,20.517118413588754,0.7962829576369863
8480222,12,4.431051829224245,1.6232141458197338
8480245,1,4.566856113221659,0.6880066808294417
8480246,15,13.91573504262711,1.0425304965334363
8480252,4,3.0004616512310367,1.0789115098804203
8480259,1,2.0671436248075694,0.8690765514209847
8480281,22,20.651305405269596,1.0417457478390824
8480289,16,14.703776252391233,1.0505921725857306
8480292,2,1.4866274281006868,1.0377897180631106
8480336,12,14.422454366610614,0.8810787605010324
8480355,25,13.812839275980627,1.5183058411449797
8480434,16,11.449052113065868,1.231703772864214
8480441,0,1.3570226568265271,0.825511276614196
8480448,30,20.37635754769209,1.3397402674200576
8480459,14,22.755481607096655,0.7041100786733728
8480468,2,2.8310552470401973,0.9018286556964912
8480727,20,10.874152335279867,1.488905601110185
8480748,25,21.2929533262482,1.1229173714117797
8480762,10,16.240965796666536,0.7289047003919885
8480776,2,1.0176592672184712,1.0953956768508548
8480789,10,7.855986108657877,1.1287134248009225
8480796,10,13.5208450853208,0.8235366210813404
8480797,23,26.667720298395835,0.8872654023385196
8480798,19,18.450582862944707,1.014413263070442
8480800,23,18.495138925212345,1.1669546468038343
8480801,61,34.29192930234652,1.6359026578845783
8480802,13,23.320738185677104,0.6586490695711711
8480803,24,16.96672051555827,1.281047292211785
8480806,11,17.133035719634062,0.7431436769078302
8480807,7,9.931114249435197,0.8210181882555028
8480813,17,22.38545576018407,0.8134639279598737
8480817,12,14.985096866383335,0.8589636961651954
8480821,12,10.285958015129633,1.086790655849175
8480823,0,3.528462281270504,0.6619488910013663
8480825,0,1.7701021458544342,0.7884501114619357
8480828,0,1.2530648183605673,0.8353936124801062
8480829,20,20.6611655623527,0.9701857526417315
8480830,27,21.221275011443797,1.1955291389179508
8480834,7,8.177555794084016,0.9132565644182388
8480835,15,17.319860559188818,0.8991451147849853
8480836,1,1.0756927857298584,0.9703675689423552
8480839,40,17.90047363932055,1.8654525472717522
8480840,5,7.828063377874658,0.8031037303338892
8480845,12,8.017988509437869,1.2463361024863255
8480848,17,12.582505549701812,1.2119131455260455
8480849,25,17.266532096457432,1.3059861560682846
8480851,5,3.0849362052318856,1.1653387749083517
8480853,2,1.6461307462459973,1.019553582778172
8480855,22,19.233975719878316,1.0971180032940522
8480860,7,14.715422706743741,0.6436526209306931
8480865,13,15.229505515503957,0.8938289169195182
8480870,3,6.207692998702922,0.7518761692999206
8480871,4,5.41981290243826,0.8757900621558754
8480873,9,14.880941898301,0.7285160203458111
8480878,1,7.020390694142608,0.5711975888620522
8480879,6,10.755613955574784,0.7288111555327692
8480880,13,12.447765137951462,1.0189074121010153
8480884,9,6.205958462133924,1.1919541696157665
8480887,9,6.779898713944026,1.1438141599681086
8480891,19,13.27733692526373,1.2678291481819395
8480893,25,24.751211549900663,1.0022499630886064
8480950,13,13.273222956680646,0.9782844409546033
8480980,9,13.003172292124038,0.7954621365987213
8480990,1,7.464509774554445,0.5541669149046168
8480995,29,15.420435907358133,1.586536999394258
8481006,10,4.475848324032745,1.4491359468869385
8481013,18,12.347683446760414,1.2768612060760844
8481014,11,14.229209925575928,0.8427717320687366
8481019,2,6.9088302666750385,0.6453774508226199
8481024,5,2.8912052414832927,1.1872103861552512
8481028,44,21.761723616360545,1.755733976770934
8481030,3,2.3407396194992787,1.0494162774707674
8481032,20,21.220629372136035,0.9512414641602447
8481042,11,7.011543348691536,1.2639486367520665
8481043,8,9.705126990893303,0.8902020237546447
8481056,2,3.380408050367906,0.856004438266719
8481058,3,6.275017277621836,0.7481829228757029
8481059,8,6.59047552820009,1.0879471597756252
8481065,4,2.814507219277369,1.0984936855971552
8481068,15,26.134001396222843,0.6630300321625104
8481093,5,5.88494750101944,0.9202962372058333
8481122,16,11.634735572599487,1.219708033380002
8481133,1,1.9086514588398271,0.8838246967773181
8481147,12,4.597863805312379,1.6007039028907588
8481161,0,4.599409412573406,0.6030219594673943
8481167,28,9.890719574662892,2.0352869746482423
8481178,7,10.910155761042038,0.7771925419804692
8481186,23,20.28139787761397,1.0917360812070118
8481206,3,2.5420942427879014,1.0282286864042576
8481237,14,10.964706249471947,1.1554124341180927
8481422,0,4.289570619333498,0.6189631940858616
8481462,1,1.165412846474078,0.9602398647586431
8481477,12,14.953112297868659,0.8601910686024997
8481481,10,14.362505888836152,0.791731732332116
8481491,0,1.3873959545102124,0.8226679435188365
8481517,9,17.67423112012228,0.6474588154748175
8481518,0,1.1640908481302636,0.8440414214875017
8481521,0,1.0518558609175819,0.8552088300859813
8481522,32,21.732999468087232,1.3459963535620048
8481523,16,8.448070273433181,1.4644838936588487
8481524,16,16.70967744721532,0.9632960179991972
8481527,0,4.953085632947851,0.5858002310752564
8481528,24,25.637733400753234,0.9451410551815818
8481532,6,9.062486469409112,0.8036269814769971
8481533,5,15.283338618314065,0.5395093467491178
8481534,0,1.2999462501774213,0.8309078827320221
8481535,32,21.40610066902312,1.361254660334194
8481537,3,4.563327959993871,0.8549552137108729
8481540,31,30.725636646658,1.00256793353155
8481541,1,2.2561859657419183,0.8521167154693471
8481542,30,19.642094512134094,1.3760761029863977
8481543,0,2.1511887278214266,0.757093050881977
8481546,13,15.544420456804419,0.8815775340506967
8481550,2,1.258124303132953,1.065081249800523
8481553,16,19.57946848118231,0.8609481738529514
8481554,21,20.750934153451546,1.0025791771441175
8481556,12,14.037445894695255,0.8968797901608799
8481557,26,27.515397276730763,0.9515893048428535
8481559,31,21.653964223983802,1.3152718759040742
8481560,3,8.087067025631486,0.6608170870418196
8481563,6,4.985170171532823,1.0675291420428623
8481564,1,3.4118746681206824,0.7612933796236553
8481567,7,10.138139398506832,0.811343731460011
8481568,12,15.098603442521783,0.8546361349886968
8481572,3,1.2816493853383282,1.1769816875649424
8481577,14,13.243000292000108,1.0280846128223262
8481580,21,24.30455465854593,0.890314199201141
8481581,9,15.644987674283621,0.7043948099829682
8481582,12,15.472158661559584,0.8406968148047661
8481591,0,1.0086810450463652,0.859583840808038
8481592,4,7.896316472239283,0.734284270628899
8481593,13,9.442385702343955,1.2003891966018396
8481596,18,21.788354595567792,0.8643111398508727
8481598,9,7.211276365645903,1.1101160189516204
8481600,1,1.333706254796025,0.9418019473415022
8481601,11,20.466506359961805,0.6543453490180702
8481604,12,18.154093920272764,0.7525713346879259
8481605,9,15.1586706465138,0.7195592596156937
8481606,4,11.029942966586587,0.6096439059122881
8481607,8,5.36470774573398,1.1921677028936524
8481609,0,2.6954579606061277,0.7164011899392424
8481617,14,13.423830591599199,1.0191701659626826
8481618,17,20.88966747637952,0.8564280243646771
8481624,13,22.77925779100455,0.6704545341507104
8481641,14,16.24599830415152,0.8976904510965314
8481655,8,3.9880952861032704,1.3358883579617338
8481656,24,22.625640799228357,1.0398574598883674
8481703,3,7.595526071945639,0.6824335074701042
8481704,14,11.40945500679472,1.1281376384017374
8481708,3,5.993346127838751,0.7638814381174847
8481711,15,22.541996352018955,0.7424885897751581
8481716,10,20.382064572527838,0.6203775873156824
8481719,3,1.53654656385724,1.1435265028139894
8481725,2,3.8769108033318185,0.8184192129558753
8481726,7,5.6847476195231135,1.086832778158294
8481732,3,1.7298033513797613,1.1194024806097482
8481743,2,4.493232393881986,0.7761178339352854
8481751,0,1.8446112393041112,0.7821166195337454
8481754,2,2.8744263145772164,0.8980332324272201
8481789,35,17.59787627702384,1.6882361397378816
8481806,2,4.292425540695169,0.7894117659373295
8482055,27,24.96830770374495,1.0572640411992251
8482062,24,20.450307907672368,1.1209885194772435
8482070,18,12.80679851568111,1.2478942401709934
8482073,10,12.888133393390437,0.8491805536883125
8482074,24,19.368498153773235,1.1662393108473361
8482077,21,17.40348560873806,1.1377174194619302
8482078,55,33.019087525114664,1.5390484933854907
8482079,40,25.56824436568247,1.4319916107423978
8482087,14,12.959262862698017,1.0423907930826126
8482089,33,24.392900379024987,1.2649182703629787
8482092,34,26.375744689623325,1.2203077003691012
8482093,26,24.979750469530693,1.0260367626491924
8482095,10,7.896673229290325,1.1257172594150857
8482097,10,15.104885504184525,0.7656503627579755
8482101,2,2.2014547952821295,0.9607746448462858
8482105,11,19.926142584400125,0.6672701326072905
8482109,29,27.424789596585118,1.0401320006554555
8482110,8,24.504933486795935,0.477662411502586
8482111,8,9.670610401821286,0.8919987448526131
8482113,26,26.296839875831882,0.9859694446531783
8482116,66,35.854653226622375,1.6923541221211014
8482117,8,16.530539081739043,0.6366286668053039
8482118,2,5.012371230234447,0.743737985619198
8482122,14,17.174304090670127,0.8638224333370123
8482124,28,26.229565979187036,1.047356795433679
8482125,5,14.98580092112254,0.5466702576680373
8482126,2,3.964375841602947,0.8121374218013786
8482132,7,3.927205428054834,1.2550074600504701
8482133,5,3.9256469558529474,1.0790706179131337
8482142,3,10.16947234370826,0.5826320948764948
8482144,0,2.6369352184656494,0.7205654959577616
8482145,11,8.80563654828246,1.1242861892910785
8482146,32,20.86166611524759,1.3874492697651797
8482148,11,8.477497689072525,1.1474765064896653
8482149,11,20.163625749838147,0.661527503514497
8482153,1,2.784171765418174,0.8080736329994892
8482155,26,23.54675594662309,1.0735000894300855
8482157,19,21.1870544188999,0.9174144355355659
8482159,32,26.600285156066644,1.1534864893285386
8482166,3,2.9026044175013648,0.9923565336818984
8482172,6,5.664440798700266,1.0121553768314568
8482175,34,27.658370575873285,1.175701588197202
8482176,9,7.111496162342305,1.1177328660652717
8482177,4,10.060195119176184,0.6434439117894326
8482192,3,2.88840469023797,0.9937220444353821
8482201,9,8.47789743239649,1.021731477491492
8482222,5,7.681526773940047,0.8108909436236623
8482241,5,3.5357182507660387,1.1174378351676424
8482245,15,15.581570230756187,0.9670635837503296
8482259,17,16.698529462281705,1.005184146571061
8482408,3,1.234691618811553,1.1833595673400024
8482451,1,7.252851076610194,0.5621549170181916
8482460,12,4.457247495887875,1.6196373907561536
8482470,1,1.330955590407742,0.9420976114007206
8482475,14,11.748978359012437,1.1081673323849481
8482476,1,7.917294891459022,0.5378185633338005
8482482,1,1.9776807313764782,0.8773402500436492
8482496,5,6.57705536632978,0.8748262241657528
8482511,12,11.112503394476864,1.0383486697087752
8482516,6,5.406687257042285,1.0324773872777522
8482624,3,7.088014251577403,0.7062880348998952
8482652,2,6.611677207418634,0.6590341446715487
8482655,13,13.44639987832195,0.970169604774338
8482659,6,8.68605274007361,0.8223967412464653
8482660,5,14.38992540991379,0.5615985035648199
8482665,31,27.914470868942903,1.0823062549140594
8482666,1,1.3022704070128397,0.9451920297509258
8482667,33,28.309921700056258,1.126289541896785
8482671,2,15.939670393029786,0.3959916811516705
8482679,17,19.2510743991257,0.9090228695398135
8482684,23,14.52889124884108,1.3777226002043452
8482691,2,3.7201703627020266,0.8299229331450289
8482699,16,18.50125157461677,0.8967449346112266
8482700,0,2.887664958181446,0.7030566374399894
8482702,22,14.298470047315075,1.346311570915091
8482703,7,2.698353654879129,1.4072605601282513
8482705,16,19.937718947702244,0.8496785331440728
8482713,12,11.528405625605938,1.01557091828514
8482720,29,25.021074175932384,1.117174381266317
8482726,0,4.03809922092976,0.6325346343895456
8482730,18,6.494497915870872,1.8135552260173635
8482737,13,12.458571822190892,1.018353803531313
8482740,28,24.540773515446897,1.1026796862315877
8482742,9,7.343665696307516,1.1001687213183409
8482744,2,1.53551509053718,1.0321314008490623
8482745,47,23.90623501536376,1.7313159735328711
8482747,4,2.5454882384526294,1.1281150388479533
8482749,2,4.718078195354923,0.7617539844885323
8482751,3,2.450553298061892,1.0377540598490351
8482758,2,1.3155663405854818,1.0580864163451753
8482762,9,10.101085049786333,0.927135401417422
8482763,2,1.7620889228331205,1.0066932486208722
8482765,2,1.6321311697785748,1.0211284683377997
8482768,7,6.043645681055814,1.0578848128778402
8482775,4,1.8542479232158096,1.2120980038163596
8482803,12,8.857490186851752,1.1821002930931104
8482807,2,2.1600006557937914,0.9649273175577401
8482809,17,10.246364302722492,1.372073222193207
8482858,10,10.714962027025097,0.9508792000850715
8482859,11,7.074185177667389,1.2584901529763026
8482896,2,2.2722181458434507,0.953767900241087
8482929,16,9.650514474845926,1.3613920309649907
8482964,21,8.776794778069814,1.743275782605892
8483395,3,2.650684876983797,1.017153499925327
8483397,2,1.5225656141717487,1.0336241729860112
8483424,1,1.3239027857241497,0.9428565538198492
8483425,5,2.821214276783583,1.1953154051706014
8483431,32,25.160644544403443,1.2044384581228689
8483432,1,1.7694320059429136,0.8971986597131968
8483445,9,12.805420442123014,0.8032354720551357
8483447,9,6.668988423439721,1.1528114152480613
8483448,0,2.534297952183345,0.7279869731137611
8483457,11,9.194637005901324,1.0979804836862181
8483460,6,4.125769588720396,1.1469145614491871
8483464,9,11.59726053024739,0.8542353707923772
8483466,6,8.379818724558897,0.8383254942155124
8483468,8,9.155957428896787,0.9196753784065539
8483472,3,1.2238131330709223,1.1848469746145653
8483476,2,3.0922136613770763,0.879447543784643
8483481,1,1.2127921762758824,0.9549764601659498
8483482,1,1.2790783323150166,0.9477087792988137
8483485,3,3.3869062937545045,0.9479299816563058
8483487,1,1.1164839419193529,0.9657366577893053
8483489,1,3.1420270948614157,0.7807233978733975
8483490,15,12.711851353789276,1.1048398710652545
8483491,3,4.508740814552462,0.8588639881220596
8483493,13,7.034067660519788,1.4002450617337094
8483495,9,7.339496392341765,1.1004792696363506
8483497,2,1.746097117270643,1.0084474991435943
8483499,2,3.0577861944417988,0.8823341781467627
8483503,1,1.7860135242535384,0.8955845800639045
8483505,19,9.354339030701016,1.5641416254207519
8483515,23,28.797447013466336,0.8351065187671591
8483516,1,1.0008800037902965,0.9789773111485868
8483524,11,11.849048694917757,0.9468138773688731
8483553,2,3.761524016925479,0.8268565565128192
8483565,11,6.178515291466648,1.3413142439137211
8483567,0,1.2854879948770916,0.8322861379272214
8483570,1,3.3115010901891204,0.7684066285089312
8483573,5,2.6712588739392165,1.2130584527652817
8483609,5,3.9927485402887553,1.0727322733638882
8483678,9,1.9280724776674323,1.7367806319650718
8483768,2,2.4602619169338658,0.9356356346196176
8483808,24,21.68451676224002,1.073469656499715
8483930,1,3.648863646073638,0.7450098826295813
8484136,3,3.293102251772002,0.9562215907955927
8484144,29,25.709894408309736,1.0939543248354828
8484145,35,21.679944226644125,1.4515036580696548
8484153,25,22.507798307861616,1.0773519909983238
8484166,28,18.830782103486342,1.3424312420317959
8484186,5,1.3557444560866814,1.3946734597153037
8484197,1,1.075413087658149,0.9703994756315824
8484227,4,10.593184986870055,0.6244166989313928
8484258,10,8.002650368717074,1.1179873533057696
8484304,15,8.45484659859587,1.4009098887661355
8484314,2,2.5310455807610643,0.9289875984549965
8484321,2,3.52153671159274,0.8449743640239297
8484325,4,2.195594950408113,1.1691183076603642
8484387,15,12.595296154912994,1.1112701735263613
8484783,0,1.5928044618892199,0.8039414851319997
8484801,19,12.064927111486913,1.3466729138792903
8484911,2,5.992041266653974,0.6894566624439116
8484929,1,1.702095781424924,0.9038135350304893
8484958,6,10.634327135649084,0.733704253954448
8484976,2,1.3048508266326713,1.0593842867717271
