gid,date,away,home,as_,hs,st,dec,ctrl_home,p1,p2,p3,mins,home_win,ctrl_winner,flip
249,2026-01-09,Vancouver,Ottawa,2,4,regular,REG,0.529,0.02,0.022,0.04,60,True,0.529,0.0
212,2025-11-22,New York,Ottawa,4,0,regular,REG,0.434,-0.015,-0.017,-0.123,60,False,0.5660000000000001,0.0
215,2025-11-26,Vancouver,Ottawa,1,5,regular,REG,0.5,0.073,0.057,0.04,60,True,0.5,0.0
338,2026-04-30,Ottawa,Boston,1,2,playoffs,REG,0.556,0.002,0.096,-0.007,60,True,0.556,0.009000000000000001
244,2026-01-03,Minnesota,Ottawa,2,5,regular,REG,0.556,-0.006,0.065,0.027,60,True,0.556,0.033
261,2026-01-20,Toronto,Seattle,4,6,regular,REG,0.554,0.003,-0.007,0.033,60,True,0.554,0.0
263,2026-01-22,Toronto,Vancouver,0,5,regular,REG,0.586,0.026,0.085,0.014,60,True,0.586,0.0
211,2025-11-21,Seattle,Vancouver,3,4,regular,OT,0.404,-0.018,-0.022,0.011,62,True,0.404,0.028999999999999998
235,2025-12-23,Ottawa,Toronto,4,3,regular,OT,0.509,0.073,-0.016,-0.047,62,False,0.491,0.12
247,2026-01-04,Minnesota,Montréal,2,3,regular,OT,0.644,-0.005,0.013,0.064,64,True,0.644,0.069
232,2025-12-21,Toronto,New York,4,3,regular,REG,0.545,-0.009,-0.011,0.093,60,False,0.45499999999999996,0.102
227,2025-12-17,Montréal,Toronto,2,1,regular,OT,0.483,0.029,0.009,0.012,64,False,0.517,0.0
344,2026-05-10,Boston,Ottawa,3,4,playoffs,OT,0.457,-0.003,-0.039,-0.003,82,True,0.457,0.0
213,2025-11-23,Montréal,Boston,0,2,regular,REG,0.553,0.056,-0.016,0.039,60,True,0.553,0.0
283,2026-03-11,Boston,Seattle,2,3,regular,REG,0.554,-0.031,0.012,0.09,60,True,0.554,0.121
239,2025-12-27,Minnesota,Vancouver,2,1,regular,OT,0.446,0.014,0.017,-0.044,63,False,0.554,0.057999999999999996
325,2026-04-22,Minnesota,Seattle,4,5,regular,REG,0.48,-0.018,-0.034,0.017,60,True,0.48,0.035
345,2026-05-08,Montréal,Minnesota,1,3,playoffs,REG,0.588,0.008,-0.031,0.068,60,True,0.588,0.0
265,2026-01-25,New York,Minnesota,2,6,regular,REG,0.56,0.02,0.049,0.012,60,True,0.56,0.0
347,2026-05-12,Minnesota,Montréal,1,2,playoffs,REG,0.438,-0.027,-0.024,-0.012,60,True,0.438,0.0
214,2025-11-25,New York,Montréal,0,4,regular,REG,0.5,0.038,0.032,-0.065,60,True,0.5,0.10300000000000001
326,2026-04-25,Montréal,Seattle,2,1,regular,OT,0.412,0.019,-0.107,0.005,65,False,0.5880000000000001,0.0
321,2026-04-19,Toronto,Minnesota,2,0,regular,REG,0.531,-0.008,0.035,-0.047,60,False,0.469,0.0
292,2026-03-19,Seattle,Montréal,1,4,regular,REG,0.532,0.025,0.073,-0.014,60,True,0.532,0.039
266,2026-01-25,Vancouver,Seattle,3,1,regular,REG,0.531,-0.003,-0.002,-0.012,60,False,0.469,0.0
293,2026-03-21,Minnesota,Vancouver,3,1,regular,REG,0.509,-0.037,-0.013,0.003,60,False,0.491,0.04
303,2026-03-29,Ottawa,Seattle,2,0,regular,REG,0.51,-0.08,-0.013,0.027,60,False,0.49,0.107
250,2026-01-07,Seattle,Boston,1,2,regular,REG,0.578,0.035,0.04,-0.02,60,True,0.578,0.05500000000000001
312,2026-04-11,New York,Minnesota,1,4,regular,REG,0.479,-0.016,-0.009,0.085,60,True,0.479,0.101
229,2025-12-17,Ottawa,Seattle,1,4,regular,REG,0.481,-0.025,0.068,0.006,60,True,0.481,0.031
302,2026-03-29,Boston,Minnesota,4,2,regular,REG,0.409,-0.106,0.027,-0.011,60,False,0.591,0.0
237,2025-12-27,Boston,Ottawa,2,3,regular,OT,0.483,-0.0,-0.064,0.05,65,True,0.483,0.0
267,2026-01-28,Toronto,Montréal,0,3,regular,REG,0.64,0.066,0.065,-0.009,60,True,0.64,0.075
241,2025-12-30,Minnesota,Toronto,5,1,regular,REG,0.509,-0.026,-0.039,0.006,60,False,0.491,0.032
221,2025-12-03,New York,Seattle,1,2,regular,REG,0.54,-0.04,-0.019,0.113,60,True,0.54,0.153
291,2026-03-18,New York,Vancouver,2,5,regular,REG,0.536,0.076,-0.021,0.018,60,True,0.536,0.0
315,2026-04-14,Seattle,Vancouver,1,4,regular,REG,0.418,0.03,0.113,-0.141,60,True,0.418,0.17099999999999999
279,2026-03-08,Ottawa,New York,2,6,regular,REG,0.509,0.108,-0.011,0.076,60,True,0.509,0.0
245,2026-01-03,Seattle,Toronto,3,2,regular,OT,0.418,-0.071,0.077,-0.035,65,False,0.5820000000000001,0.0
281,2026-03-10,Boston,Vancouver,2,1,regular,OT,0.473,-0.01,0.008,-0.005,61,False,0.527,0.0
341,2026-05-05,Minnesota,Montréal,0,1,playoffs,OT,0.638,0.037,-0.022,-0.012,105,True,0.638,0.049
295,2026-03-22,Montréal,Ottawa,1,2,regular,OT,0.585,0.04,0.011,0.013,61,True,0.585,0.0
223,2025-12-06,New York,Vancouver,0,4,regular,REG,0.48,0.097,-0.049,0.006,60,True,0.48,0.0
280,2026-03-08,Minnesota,Toronto,3,2,regular,OT,0.415,-0.0,0.017,-0.063,63,False,0.585,0.0
306,2026-04-01,Toronto,Ottawa,2,1,regular,REG,0.528,-0.014,0.004,-0.012,60,False,0.472,0.0
243,2026-01-02,Montréal,New York,3,4,regular,REG,0.386,-0.019,-0.013,-0.109,60,True,0.386,0.0
319,2026-04-18,New York,Ottawa,1,5,regular,REG,0.632,0.021,0.08,0.059,60,True,0.632,0.0
339,2026-05-02,Ottawa,Boston,3,1,playoffs,REG,0.529,0.017,-0.013,0.023,60,False,0.471,0.0
248,2026-01-06,New York,Toronto,2,0,regular,REG,0.558,0.018,0.002,0.003,60,False,0.44199999999999995,0.0
310,2026-04-07,Boston,Vancouver,5,1,regular,REG,0.479,-0.089,-0.062,0.07,60,False,0.521,0.159
311,2026-04-08,Seattle,Ottawa,5,3,regular,REG,0.545,0.01,0.015,-0.013,60,False,0.45499999999999996,0.023
284,2026-03-13,Seattle,Minnesota,1,4,regular,REG,0.623,0.096,0.07,-0.074,60,True,0.623,0.16999999999999998
226,2025-12-16,Ottawa,Vancouver,1,2,regular,REG,0.444,0.039,0.024,-0.072,60,True,0.444,0.11099999999999999
298,2026-03-25,New York,Seattle,1,4,regular,REG,0.413,0.057,-0.009,-0.064,60,True,0.413,0.121
216,2025-11-28,Minnesota,Seattle,3,0,regular,REG,0.429,-0.021,-0.031,-0.012,60,False,0.571,0.0
231,2025-12-20,Montréal,Vancouver,4,2,regular,REG,0.5,-0.031,-0.086,0.051,60,False,0.5,0.08199999999999999
228,2025-12-17,Boston,New York,2,0,regular,REG,0.547,0.026,-0.016,0.059,60,False,0.45299999999999996,0.0
262,2026-01-21,Montréal,Minnesota,2,1,regular,OT,0.549,0.023,-0.035,0.019,64,False,0.45099999999999996,0.0
230,2025-12-19,Boston,Minnesota,2,5,regular,REG,0.511,0.078,0.012,-0.01,60,True,0.511,0.088
329,2026-04-25,New York,Boston,0,4,regular,REG,0.51,-0.077,0.003,0.161,60,True,0.51,0.238
246,2026-01-03,Vancouver,Boston,4,3,regular,REG,0.51,0.128,-0.005,-0.1,60,False,0.49,0.228
251,2026-01-11,Ottawa,Boston,2,1,regular,OT,0.531,0.036,0.016,0.013,65,False,0.469,0.0
218,2025-11-29,Boston,Toronto,3,1,regular,REG,0.553,0.063,-0.027,-0.029,60,False,0.44699999999999995,0.092
350,2026-05-14,Ottawa,Montréal,2,3,playoffs,OT,0.471,-0.039,-0.023,0.035,63,True,0.471,0.07400000000000001
286,2026-03-15,Boston,Montréal,4,3,regular,OT,0.525,0.091,0.044,-0.148,62,False,0.475,0.239
270,2026-01-28,Vancouver,Minnesota,1,4,regular,REG,0.532,0.123,-0.064,-0.03,60,True,0.532,0.153
236,2025-12-23,Montréal,Seattle,1,2,regular,REG,0.412,0.008,-0.054,-0.069,60,True,0.412,0.07700000000000001
268,2026-01-28,Seattle,Ottawa,2,4,regular,REG,0.558,0.042,-0.03,0.093,60,True,0.558,0.0
255,2026-01-14,Toronto,Boston,1,2,regular,REG,0.542,0.019,0.036,-0.023,60,True,0.542,0.041999999999999996
282,2026-04-03,Montréal,Ottawa,3,0,regular,REG,0.611,0.03,-0.032,0.021,60,False,0.389,0.0
271,2026-02-26,Montréal,New York,4,1,regular,REG,0.51,-0.048,0.021,0.052,60,False,0.49,0.1
273,2026-02-28,Boston,Ottawa,3,2,regular,OT,0.519,-0.003,-0.008,0.033,66,False,0.481,0.036000000000000004
257,2026-01-17,Vancouver,Toronto,1,2,regular,OT,0.614,0.084,-0.0,0.013,65,True,0.614,0.0
278,2026-03-05,Boston,New York,1,0,regular,REG,0.467,-0.053,0.028,-0.002,60,False,0.5329999999999999,0.0
240,2025-12-28,Seattle,New York,3,4,regular,REG,0.608,0.028,0.03,0.026,60,True,0.608,0.0
316,2026-04-15,Toronto,New York,2,3,regular,REG,0.44,-0.007,-0.051,0.056,60,True,0.44,0.063
287,2026-03-15,Seattle,Toronto,0,2,regular,REG,0.545,0.016,-0.038,0.023,60,True,0.545,0.0
252,2026-01-11,Seattle,Minnesota,2,6,regular,REG,0.642,0.062,0.047,0.142,60,True,0.642,0.0
272,2026-02-27,Toronto,Seattle,5,2,regular,REG,0.481,-0.042,-0.013,-0.015,60,False,0.519,0.0
224,2025-12-07,Toronto,Montréal,1,3,regular,REG,0.608,0.078,0.061,-0.065,60,True,0.608,0.14300000000000002
323,2026-04-21,Montréal,Vancouver,3,4,regular,REG,0.509,-0.004,0.062,-0.069,60,True,0.509,0.0
256,2026-01-16,Minnesota,New York,3,2,regular,OT,0.471,0.01,-0.011,0.007,61,False,0.529,0.0
275,2026-03-01,Toronto,Vancouver,2,1,regular,REG,0.5,-0.033,0.037,0.014,60,False,0.5,0.047
297,2026-03-25,Montréal,Minnesota,3,0,regular,REG,0.489,0.016,-0.046,-0.079,60,False,0.511,0.095
219,2025-12-02,Minnesota,Ottawa,5,1,regular,REG,0.519,-0.101,0.014,-0.027,60,False,0.481,0.0
307,2026-04-04,Vancouver,Minnesota,5,6,regular,REG,0.569,-0.022,0.064,0.058,60,True,0.569,0.08
274,2026-03-01,Minnesota,Montréal,0,4,regular,REG,0.651,0.1,0.039,0.071,60,True,0.651,0.0
348,2026-05-18,Montréal,Ottawa,1,2,playoffs,REG,0.592,-0.008,0.015,0.031,60,True,0.592,0.039
238,2025-12-27,Toronto,Montréal,2,1,regular,REG,0.577,-0.037,0.055,0.03,60,False,0.42300000000000004,0.067
342,2026-05-07,Montréal,Minnesota,2,1,playoffs,REG,0.596,0.032,-0.069,0.085,60,False,0.404,0.0
259,2026-01-18,Boston,Seattle,2,1,regular,OT,0.727,0.006,0.044,0.041,65,False,0.273,0.0
264,2026-01-24,Ottawa,Montréal,1,3,regular,REG,0.533,0.059,-0.021,0.055,60,True,0.533,0.0
340,2026-05-02,Minnesota,Montréal,5,4,playoffs,OT,0.407,-0.071,-0.01,0.065,65,False,0.593,0.136
349,2026-05-20,Montréal,Ottawa,4,0,playoffs,REG,0.5,-0.002,-0.018,0.002,60,False,0.5,0.004
285,2026-03-14,Ottawa,Vancouver,3,2,regular,OT,0.61,0.053,0.003,0.057,63,False,0.39,0.0
289,2026-03-17,Toronto,Boston,2,0,regular,REG,0.528,0.019,-0.006,-0.062,60,False,0.472,0.081
313,2026-04-11,Ottawa,Toronto,2,0,regular,REG,0.623,0.067,0.063,-0.038,60,False,0.377,0.10500000000000001
269,2026-01-28,New York,Boston,3,4,regular,OT,0.536,0.043,-0.054,0.077,65,True,0.536,0.0
210,2025-11-21,Toronto,Minnesota,2,1,regular,REG,0.604,0.028,0.022,0.025,60,False,0.396,0.0
222,2025-12-04,Ottawa,Toronto,1,3,regular,REG,0.509,0.049,0.045,0.039,60,True,0.509,0.0
225,2025-12-07,Minnesota,Boston,1,4,regular,REG,0.566,0.097,-0.015,0.053,60,True,0.566,0.0
304,2026-04-01,Minnesota,New York,3,4,regular,OT,0.56,-0.002,-0.041,0.04,65,True,0.56,0.042
234,2025-12-21,Boston,Seattle,3,1,regular,REG,0.365,-0.077,-0.09,0.046,60,False,0.635,0.123
258,2026-01-18,Montréal,New York,1,2,regular,REG,0.51,-0.017,0.046,-0.031,60,True,0.51,0.0
290,2026-03-18,Ottawa,Minnesota,0,5,regular,REG,0.532,0.129,0.046,-0.004,60,True,0.532,0.133
260,2026-01-20,Ottawa,New York,4,3,regular,OT,0.458,0.046,0.018,0.103,62,False,0.542,0.0
220,2025-12-03,Vancouver,Boston,0,2,regular,REG,0.537,0.113,-0.02,-0.017,60,True,0.537,0.13
343,2026-05-08,Boston,Ottawa,1,2,playoffs,REG,0.44,0.02,-0.11,-0.006,60,True,0.44,0.026000000000000002
322,2026-04-21,New York,Toronto,1,0,regular,OT,0.4,-0.041,-0.008,0.015,63,False,0.6,0.056
276,2026-03-03,Montréal,Toronto,4,3,regular,OT,0.451,-0.006,-0.038,-0.02,65,False,0.5489999999999999,0.0
308,2026-04-04,Seattle,New York,1,2,regular,OT,0.536,0.036,-0.008,0.091,65,True,0.536,0.0
242,2025-12-31,Vancouver,New York,0,2,regular,REG,0.471,0.029,-0.011,0.006,60,True,0.471,0.0
351,2026-05-16,Ottawa,Montréal,1,2,playoffs,OT,0.6,-0.006,0.017,0.017,75,True,0.6,0.023
309,2026-04-07,Seattle,Montréal,1,4,regular,REG,0.423,-0.016,0.074,0.007,60,True,0.423,0.023
320,2026-04-18,Vancouver,Seattle,6,5,regular,OT,0.491,0.05,-0.058,-0.08,61,False,0.509,0.13
299,2026-03-27,Boston,Toronto,4,0,regular,REG,0.396,-0.078,-0.046,-0.032,60,False,0.604,0.0
217,2025-11-29,Vancouver,New York,1,5,regular,REG,0.63,0.064,0.057,0.009,60,True,0.63,0.0
277,2026-03-04,Seattle,Ottawa,3,4,regular,REG,0.474,0.086,-0.064,-0.029,60,True,0.474,0.11499999999999999
300,2026-03-28,New York,Montréal,1,3,regular,REG,0.577,-0.086,0.045,0.092,60,True,0.577,0.178
253,2026-01-11,Vancouver,Montréal,0,1,regular,REG,0.481,0.031,0.04,-0.022,60,True,0.481,0.053
314,2026-04-11,Montréal,Boston,1,0,regular,REG,0.49,0.005,-0.01,0.003,60,False,0.51,0.0
318,2026-04-17,Boston,Montréal,2,3,regular,OT,0.509,0.072,-0.026,-0.052,61,True,0.509,0.124
301,2026-03-29,Vancouver,Toronto,3,2,regular,REG,0.46,-0.019,-0.061,0.036,60,False,0.54,0.05499999999999999
233,2025-12-21,Ottawa,Minnesota,3,2,regular,OT,0.63,0.0,0.092,0.067,64,False,0.37,0.0
328,2026-04-25,Toronto,Ottawa,0,3,regular,REG,0.456,0.004,0.008,0.002,60,True,0.456,0.0
324,2026-04-22,Ottawa,Boston,2,1,regular,OT,0.566,0.018,0.053,-0.029,64,False,0.43400000000000005,0.047
305,2026-04-01,Vancouver,Montréal,0,3,regular,REG,0.532,0.029,-0.008,0.101,60,True,0.532,0.0
294,2026-03-21,Seattle,Boston,0,3,regular,REG,0.694,0.023,0.072,0.082,60,True,0.694,0.0
317,2026-04-15,Minnesota,Boston,2,3,regular,REG,0.62,0.032,0.057,0.025,60,True,0.62,0.0
327,2026-04-25,Minnesota,Vancouver,3,4,regular,OT,0.5,-0.001,0.023,-0.055,62,True,0.5,0.0
254,2026-01-13,Ottawa,Montréal,1,2,regular,REG,0.551,0.03,0.036,0.013,60,True,0.551,0.0
288,2026-03-15,New York,Minnesota,3,4,regular,REG,0.481,0.042,0.087,-0.09,60,True,0.481,0.132
296,2026-03-24,Vancouver,Boston,0,2,regular,REG,0.538,0.018,0.015,0.019,60,True,0.538,0.0
