match_id,competition_id,season_id,competition,season,gender,level
7525,43,3,FIFA World Cup,2018,male,international
7529,43,3,FIFA World Cup,2018,male,international
7530,43,3,FIFA World Cup,2018,male,international
7531,43,3,FIFA World Cup,2018,male,international
7532,43,3,FIFA World Cup,2018,male,international
7533,43,3,FIFA World Cup,2018,male,international
7534,43,3,FIFA World Cup,2018,male,international
7535,43,3,FIFA World Cup,2018,male,international
7536,43,3,FIFA World Cup,2018,male,international
7537,43,3,FIFA World Cup,2018,male,international
7538,43,3,FIFA World Cup,2018,male,international
7539,43,3,FIFA World Cup,2018,male,international
7540,43,3,FIFA World Cup,2018,male,international
7541,43,3,FIFA World Cup,2018,male,international
7542,43,3,FIFA World Cup,2018,male,international
7543,43,3,FIFA World Cup,2018,male,international
7544,43,3,FIFA World Cup,2018,male,international
7545,43,3,FIFA World Cup,2018,male,international
7546,43,3,FIFA World Cup,2018,male,international
7547,43,3,FIFA World Cup,2018,male,international
7548,43,3,FIFA World Cup,2018,male,international
7549,43,3,FIFA World Cup,2018,male,international
7550,43,3,FIFA World Cup,2018,male,international
7551,43,3,FIFA World Cup,2018,male,international
7552,43,3,FIFA World Cup,2018,male,international
7553,43,3,FIFA World Cup,2018,male,international
7554,43,3,FIFA World Cup,2018,male,international
7555,43,3,FIFA World Cup,2018,male,international
7556,43,3,FIFA World Cup,2018,male,international
7557,43,3,FIFA World Cup,2018,male,international
7558,43,3,FIFA World Cup,2018,male,international
7559,43,3,FIFA World Cup,2018,male,international
7560,43,3,FIFA World Cup,2018,male,international
7561,43,3,FIFA World Cup,2018,male,international
7562,43,3,FIFA World Cup,2018,male,international
7563,43,3,FIFA World Cup,2018,male,international
7564,43,3,FIFA World Cup,2018,male,international
7565,43,3,FIFA World Cup,2018,male,international
7566,43,3,FIFA World Cup,2018,male,international
7567,43,3,FIFA World Cup,2018,male,international
7568,43,3,FIFA World Cup,2018,male,international
7569,43,3,FIFA World Cup,2018,male,international
7570,43,3,FIFA World Cup,2018,male,international
7571,43,3,FIFA World Cup,2018,male,international
7572,43,3,FIFA World Cup,2018,male,international
7576,43,3,FIFA World Cup,2018,male,international
7577,43,3,FIFA World Cup,2018,male,international
7578,43,3,FIFA World Cup,2018,male,international
7579,43,3,FIFA World Cup,2018,male,international
7580,43,3,FIFA World Cup,2018,male,international
7581,43,3,FIFA World Cup,2018,male,international
7582,43,3,FIFA World Cup,2018,male,international
7583,43,3,FIFA World Cup,2018,male,international
7584,43,3,FIFA World Cup,2018,male,international
7585,43,3,FIFA World Cup,2018,male,international
7586,43,3,FIFA World Cup,2018,male,international
8649,43,3,FIFA World Cup,2018,male,international
8650,43,3,FIFA World Cup,2018,male,international
8651,43,3,FIFA World Cup,2018,male,international
8652,43,3,FIFA World Cup,2018,male,international
8655,43,3,FIFA World Cup,2018,male,international
8656,43,3,FIFA World Cup,2018,male,international
8657,43,3,FIFA World Cup,2018,male,international
8658,43,3,FIFA World Cup,2018,male,international
22921,72,30,Women's World Cup,2019,female,international
22924,72,30,Women's World Cup,2019,female,international
22926,72,30,Women's World Cup,2019,female,international
22930,72,30,Women's World Cup,2019,female,international
22933,72,30,Women's World Cup,2019,female,international
22934,72,30,Women's World Cup,2019,female,international
22936,72,30,Women's World Cup,2019,female,international
22939,72,30,Women's World Cup,2019,female,international
22940,72,30,Women's World Cup,2019,female,international
22942,72,30,Women's World Cup,2019,female,international
22943,72,30,Women's World Cup,2019,female,international
22944,72,30,Women's World Cup,2019,female,international
22945,72,30,Women's World Cup,2019,female,international
22948,72,30,Women's World Cup,2019,female,international
22949,72,30,Women's World Cup,2019,female,international
22955,72,30,Women's World Cup,2019,female,international
22956,72,30,Women's World Cup,2019,female,international
22961,72,30,Women's World Cup,2019,female,international
22962,72,30,Women's World Cup,2019,female,international
22963,72,30,Women's World Cup,2019,female,international
22964,72,30,Women's World Cup,2019,female,international
22966,72,30,Women's World Cup,2019,female,international
22973,72,30,Women's World Cup,2019,female,international
22974,72,30,Women's World Cup,2019,female,international
22980,72,30,Women's World Cup,2019,female,international
22981,72,30,Women's World Cup,2019,female,international
22983,72,30,Women's World Cup,2019,female,international
22984,72,30,Women's World Cup,2019,female,international
68311,72,30,Women's World Cup,2019,female,international
68312,72,30,Women's World Cup,2019,female,international
68337,72,30,Women's World Cup,2019,female,international
68338,72,30,Women's World Cup,2019,female,international
68343,72,30,Women's World Cup,2019,female,international
68344,72,30,Women's World Cup,2019,female,international
68345,72,30,Women's World Cup,2019,female,international
68346,72,30,Women's World Cup,2019,female,international
68355,72,30,Women's World Cup,2019,female,international
68357,72,30,Women's World Cup,2019,female,international
68362,72,30,Women's World Cup,2019,female,international
69137,72,30,Women's World Cup,2019,female,international
69161,72,30,Women's World Cup,2019,female,international
69163,72,30,Women's World Cup,2019,female,international
69188,72,30,Women's World Cup,2019,female,international
69191,72,30,Women's World Cup,2019,female,international
69199,72,30,Women's World Cup,2019,female,international
69202,72,30,Women's World Cup,2019,female,international
69205,72,30,Women's World Cup,2019,female,international
69208,72,30,Women's World Cup,2019,female,international
69258,72,30,Women's World Cup,2019,female,international
69284,72,30,Women's World Cup,2019,female,international
69301,72,30,Women's World Cup,2019,female,international
69321,72,30,Women's World Cup,2019,female,international
3788741,55,43,UEFA Euro,2020,male,international
3788742,55,43,UEFA Euro,2020,male,international
3788743,55,43,UEFA Euro,2020,male,international
3788744,55,43,UEFA Euro,2020,male,international
3788745,55,43,UEFA Euro,2020,male,international
3788746,55,43,UEFA Euro,2020,male,international
3788747,55,43,UEFA Euro,2020,male,international
3788748,55,43,UEFA Euro,2020,male,international
3788749,55,43,UEFA Euro,2020,male,international
3788750,55,43,UEFA Euro,2020,male,international
3788751,55,43,UEFA Euro,2020,male,international
3788752,55,43,UEFA Euro,2020,male,international
3788753,55,43,UEFA Euro,2020,male,international
3788754,55,43,UEFA Euro,2020,male,international
3788755,55,43,UEFA Euro,2020,male,international
3788756,55,43,UEFA Euro,2020,male,international
3788757,55,43,UEFA Euro,2020,male,international
3788758,55,43,UEFA Euro,2020,male,international
3788759,55,43,UEFA Euro,2020,male,international
3788760,55,43,UEFA Euro,2020,male,international
3788761,55,43,UEFA Euro,2020,male,international
3788762,55,43,UEFA Euro,2020,male,international
3788763,55,43,UEFA Euro,2020,male,international
3788764,55,43,UEFA Euro,2020,male,international
3788765,55,43,UEFA Euro,2020,male,international
3788766,55,43,UEFA Euro,2020,male,international
3788767,55,43,UEFA Euro,2020,male,international
3788768,55,43,UEFA Euro,2020,male,international
3788769,55,43,UEFA Euro,2020,male,international
3788770,55,43,UEFA Euro,2020,male,international
3788771,55,43,UEFA Euro,2020,male,international
3788772,55,43,UEFA Euro,2020,male,international
3788773,55,43,UEFA Euro,2020,male,international
3788774,55,43,UEFA Euro,2020,male,international
3788775,55,43,UEFA Euro,2020,male,international
3788776,55,43,UEFA Euro,2020,male,international
3794685,55,43,UEFA Euro,2020,male,international
3794686,55,43,UEFA Euro,2020,male,international
3794687,55,43,UEFA Euro,2020,male,international
3794688,55,43,UEFA Euro,2020,male,international
3794689,55,43,UEFA Euro,2020,male,international
3794690,55,43,UEFA Euro,2020,male,international
3794691,55,43,UEFA Euro,2020,male,international
3794692,55,43,UEFA Euro,2020,male,international
3795107,55,43,UEFA Euro,2020,male,international
3795108,55,43,UEFA Euro,2020,male,international
3795109,55,43,UEFA Euro,2020,male,international
3795187,55,43,UEFA Euro,2020,male,international
3795220,55,43,UEFA Euro,2020,male,international
3795221,55,43,UEFA Euro,2020,male,international
3795506,55,43,UEFA Euro,2020,male,international
3835319,53,106,UEFA Women's Euro,2022,female,international
3835320,53,106,UEFA Women's Euro,2022,female,international
3835321,53,106,UEFA Women's Euro,2022,female,international
3835322,53,106,UEFA Women's Euro,2022,female,international
3835323,53,106,UEFA Women's Euro,2022,female,international
3835324,53,106,UEFA Women's Euro,2022,female,international
3835325,53,106,UEFA Women's Euro,2022,female,international
3835326,53,106,UEFA Women's Euro,2022,female,international
3835327,53,106,UEFA Women's Euro,2022,female,international
3835328,53,106,UEFA Women's Euro,2022,female,international
3835329,53,106,UEFA Women's Euro,2022,female,international
3835330,53,106,UEFA Women's Euro,2022,female,international
3835331,53,106,UEFA Women's Euro,2022,female,international
3835332,53,106,UEFA Women's Euro,2022,female,international
3835333,53,106,UEFA Women's Euro,2022,female,international
3835334,53,106,UEFA Women's Euro,2022,female,international
3835335,53,106,UEFA Women's Euro,2022,female,international
3835336,53,106,UEFA Women's Euro,2022,female,international
3835337,53,106,UEFA Women's Euro,2022,female,international
3835338,53,106,UEFA Women's Euro,2022,female,international
3835339,53,106,UEFA Women's Euro,2022,female,international
3835340,53,106,UEFA Women's Euro,2022,female,international
3835341,53,106,UEFA Women's Euro,2022,female,international
3835342,53,106,UEFA Women's Euro,2022,female,international
3844384,53,106,UEFA Women's Euro,2022,female,international
3844385,53,106,UEFA Women's Euro,2022,female,international
3844386,53,106,UEFA Women's Euro,2022,female,international
3844387,53,106,UEFA Women's Euro,2022,female,international
3845506,53,106,UEFA Women's Euro,2022,female,international
3845507,53,106,UEFA Women's Euro,2022,female,international
3847567,53,106,UEFA Women's Euro,2022,female,international
3857254,43,106,FIFA World Cup,2022,male,international
3857255,43,106,FIFA World Cup,2022,male,international
3857256,43,106,FIFA World Cup,2022,male,international
3857257,43,106,FIFA World Cup,2022,male,international
3857258,43,106,FIFA World Cup,2022,male,international
3857259,43,106,FIFA World Cup,2022,male,international
3857260,43,106,FIFA World Cup,2022,male,international
3857261,43,106,FIFA World Cup,2022,male,international
3857262,43,106,FIFA World Cup,2022,male,international
3857263,43,106,FIFA World Cup,2022,male,international
3857264,43,106,FIFA World Cup,2022,male,international
3857265,43,106,FIFA World Cup,2022,male,international
3857266,43,106,FIFA World Cup,2022,male,international
3857267,43,106,FIFA World Cup,2022,male,international
3857268,43,106,FIFA World Cup,2022,male,international
3857269,43,106,FIFA World Cup,2022,male,international
3857270,43,106,FIFA World Cup,2022,male,international
3857271,43,106,FIFA World Cup,2022,male,international
3857272,43,106,FIFA World Cup,2022,male,international
3857273,43,106,FIFA World Cup,2022,male,international
3857274,43,106,FIFA World Cup,2022,male,international
3857275,43,106,FIFA World Cup,2022,male,international
3857276,43,106,FIFA World Cup,2022,male,international
3857277,43,106,FIFA World Cup,2022,male,international
3857278,43,106,FIFA World Cup,2022,male,international
3857279,43,106,FIFA World Cup,2022,male,international
3857280,43,106,FIFA World Cup,2022,male,international
3857281,43,106,FIFA World Cup,2022,male,international
3857282,43,106,FIFA World Cup,2022,male,international
3857283,43,106,FIFA World Cup,2022,male,international
3857284,43,106,FIFA World Cup,2022,male,international
3857285,43,106,FIFA World Cup,2022,male,international
3857286,43,106,FIFA World Cup,2022,male,international
3857287,43,106,FIFA World Cup,2022,male,international
3857288,43,106,FIFA World Cup,2022,male,international
3857289,43,106,FIFA World Cup,2022,male,international
3857290,43,106,FIFA World Cup,2022,male,international
3857291,43,106,FIFA World Cup,2022,male,international
3857292,43,106,FIFA World Cup,2022,male,international
3857293,43,106,FIFA World Cup,2022,male,international
3857294,43,106,FIFA World Cup,2022,male,international
3857295,43,106,FIFA World Cup,2022,male,international
3857296,43,106,FIFA World Cup,2022,male,international
3857297,43,106,FIFA World Cup,2022,male,international
3857298,43,106,FIFA World Cup,2022,male,international
3857299,43,106,FIFA World Cup,2022,male,international
3857300,43,106,FIFA World Cup,2022,male,international
3857301,43,106,FIFA World Cup,2022,male,international
3869117,43,106,FIFA World Cup,2022,male,international
3869118,43,106,FIFA World Cup,2022,male,international
3869151,43,106,FIFA World Cup,2022,male,international
3869152,43,106,FIFA World Cup,2022,male,international
3869219,43,106,FIFA World Cup,2022,male,international
3869220,43,106,FIFA World Cup,2022,male,international
3869253,43,106,FIFA World Cup,2022,male,international
3869254,43,106,FIFA World Cup,2022,male,international
3869321,43,106,FIFA World Cup,2022,male,international
3869354,43,106,FIFA World Cup,2022,male,international
3869420,43,106,FIFA World Cup,2022,male,international
3869486,43,106,FIFA World Cup,2022,male,international
3869519,43,106,FIFA World Cup,2022,male,international
3869552,43,106,FIFA World Cup,2022,male,international
3869684,43,106,FIFA World Cup,2022,male,international
3869685,43,106,FIFA World Cup,2022,male,international
3881483,49,107,NWSL,2023,female,club
3881484,49,107,NWSL,2023,female,club
3881485,49,107,NWSL,2023,female,club
3881486,49,107,NWSL,2023,female,club
3881487,49,107,NWSL,2023,female,club
3881488,49,107,NWSL,2023,female,club
3881489,49,107,NWSL,2023,female,club
3881490,49,107,NWSL,2023,female,club
3881491,49,107,NWSL,2023,female,club
3881492,49,107,NWSL,2023,female,club
3881493,49,107,NWSL,2023,female,club
3881494,49,107,NWSL,2023,female,club
3881495,49,107,NWSL,2023,female,club
3881496,49,107,NWSL,2023,female,club
3881497,49,107,NWSL,2023,female,club
3881498,49,107,NWSL,2023,female,club
3881499,49,107,NWSL,2023,female,club
3881500,49,107,NWSL,2023,female,club
3881501,49,107,NWSL,2023,female,club
3881502,49,107,NWSL,2023,female,club
3881503,49,107,NWSL,2023,female,club
3881504,49,107,NWSL,2023,female,club
3881505,49,107,NWSL,2023,female,club
3881506,49,107,NWSL,2023,female,club
3881507,49,107,NWSL,2023,female,club
3881508,49,107,NWSL,2023,female,club
3881509,49,107,NWSL,2023,female,club
3881510,49,107,NWSL,2023,female,club
3881511,49,107,NWSL,2023,female,club
3881512,49,107,NWSL,2023,female,club
3881513,49,107,NWSL,2023,female,club
3881514,49,107,NWSL,2023,female,club
3881515,49,107,NWSL,2023,female,club
3881516,49,107,NWSL,2023,female,club
3881517,49,107,NWSL,2023,female,club
3881518,49,107,NWSL,2023,female,club
3881519,49,107,NWSL,2023,female,club
3881520,49,107,NWSL,2023,female,club
3881521,49,107,NWSL,2023,female,club
3881522,49,107,NWSL,2023,female,club
3881523,49,107,NWSL,2023,female,club
3881524,49,107,NWSL,2023,female,club
3881525,49,107,NWSL,2023,female,club
3881526,49,107,NWSL,2023,female,club
3881527,49,107,NWSL,2023,female,club
3881528,49,107,NWSL,2023,female,club
3881529,49,107,NWSL,2023,female,club
3881530,49,107,NWSL,2023,female,club
3881531,49,107,NWSL,2023,female,club
3881532,49,107,NWSL,2023,female,club
3881533,49,107,NWSL,2023,female,club
3881534,49,107,NWSL,2023,female,club
3881535,49,107,NWSL,2023,female,club
3881536,49,107,NWSL,2023,female,club
3881537,49,107,NWSL,2023,female,club
3881538,49,107,NWSL,2023,female,club
3881539,49,107,NWSL,2023,female,club
3881540,49,107,NWSL,2023,female,club
3881541,49,107,NWSL,2023,female,club
3881542,49,107,NWSL,2023,female,club
3881543,49,107,NWSL,2023,female,club
3881544,49,107,NWSL,2023,female,club
3881545,49,107,NWSL,2023,female,club
3881546,49,107,NWSL,2023,female,club
3881547,49,107,NWSL,2023,female,club
3881548,49,107,NWSL,2023,female,club
3881549,49,107,NWSL,2023,female,club
3881550,49,107,NWSL,2023,female,club
3881551,49,107,NWSL,2023,female,club
3881552,49,107,NWSL,2023,female,club
3881553,49,107,NWSL,2023,female,club
3881554,49,107,NWSL,2023,female,club
3881555,49,107,NWSL,2023,female,club
3881556,49,107,NWSL,2023,female,club
3881557,49,107,NWSL,2023,female,club
3881558,49,107,NWSL,2023,female,club
3881559,49,107,NWSL,2023,female,club
3881560,49,107,NWSL,2023,female,club
3881561,49,107,NWSL,2023,female,club
3881562,49,107,NWSL,2023,female,club
3881563,49,107,NWSL,2023,female,club
3881564,49,107,NWSL,2023,female,club
3881565,49,107,NWSL,2023,female,club
3881566,49,107,NWSL,2023,female,club
3881567,49,107,NWSL,2023,female,club
3881568,49,107,NWSL,2023,female,club
3881569,49,107,NWSL,2023,female,club
3881570,49,107,NWSL,2023,female,club
3881571,49,107,NWSL,2023,female,club
3881572,49,107,NWSL,2023,female,club
3881573,49,107,NWSL,2023,female,club
3881574,49,107,NWSL,2023,female,club
3881575,49,107,NWSL,2023,female,club
3881576,49,107,NWSL,2023,female,club
3881577,49,107,NWSL,2023,female,club
3881578,49,107,NWSL,2023,female,club
3881579,49,107,NWSL,2023,female,club
3881580,49,107,NWSL,2023,female,club
3881581,49,107,NWSL,2023,female,club
3881582,49,107,NWSL,2023,female,club
3881583,49,107,NWSL,2023,female,club
3881584,49,107,NWSL,2023,female,club
3881585,49,107,NWSL,2023,female,club
3881586,49,107,NWSL,2023,female,club
3881587,49,107,NWSL,2023,female,club
3881588,49,107,NWSL,2023,female,club
3881589,49,107,NWSL,2023,female,club
3881590,49,107,NWSL,2023,female,club
3881591,49,107,NWSL,2023,female,club
3881592,49,107,NWSL,2023,female,club
3881593,49,107,NWSL,2023,female,club
3881594,49,107,NWSL,2023,female,club
3881595,49,107,NWSL,2023,female,club
3881596,49,107,NWSL,2023,female,club
3881597,49,107,NWSL,2023,female,club
3881598,49,107,NWSL,2023,female,club
3881599,49,107,NWSL,2023,female,club
3881600,49,107,NWSL,2023,female,club
3881601,49,107,NWSL,2023,female,club
3881602,49,107,NWSL,2023,female,club
3881603,49,107,NWSL,2023,female,club
3881604,49,107,NWSL,2023,female,club
3881605,49,107,NWSL,2023,female,club
3881606,49,107,NWSL,2023,female,club
3881607,49,107,NWSL,2023,female,club
3881608,49,107,NWSL,2023,female,club
3881609,49,107,NWSL,2023,female,club
3881610,49,107,NWSL,2023,female,club
3881611,49,107,NWSL,2023,female,club
3881612,49,107,NWSL,2023,female,club
3881613,49,107,NWSL,2023,female,club
3881614,49,107,NWSL,2023,female,club
3893787,72,107,Women's World Cup,2023,female,international
3893788,72,107,Women's World Cup,2023,female,international
3893789,72,107,Women's World Cup,2023,female,international
3893790,72,107,Women's World Cup,2023,female,international
3893791,72,107,Women's World Cup,2023,female,international
3893792,72,107,Women's World Cup,2023,female,international
3893793,72,107,Women's World Cup,2023,female,international
3893794,72,107,Women's World Cup,2023,female,international
3893795,72,107,Women's World Cup,2023,female,international
3893796,72,107,Women's World Cup,2023,female,international
3893797,72,107,Women's World Cup,2023,female,international
3893798,72,107,Women's World Cup,2023,female,international
3893799,72,107,Women's World Cup,2023,female,international
3893800,72,107,Women's World Cup,2023,female,international
3893801,72,107,Women's World Cup,2023,female,international
3893802,72,107,Women's World Cup,2023,female,international
3893803,72,107,Women's World Cup,2023,female,international
3893804,72,107,Women's World Cup,2023,female,international
3893805,72,107,Women's World Cup,2023,female,international
3893806,72,107,Women's World Cup,2023,female,international
3893807,72,107,Women's World Cup,2023,female,international
3893808,72,107,Women's World Cup,2023,female,international
3893809,72,107,Women's World Cup,2023,female,international
3893810,72,107,Women's World Cup,2023,female,international
3893811,72,107,Women's World Cup,2023,female,international
3893812,72,107,Women's World Cup,2023,female,international
3893813,72,107,Women's World Cup,2023,female,international
3893814,72,107,Women's World Cup,2023,female,international
3893815,72,107,Women's World Cup,2023,female,international
3893816,72,107,Women's World Cup,2023,female,international
3893817,72,107,Women's World Cup,2023,female,international
3893818,72,107,Women's World Cup,2023,female,international
3893819,72,107,Women's World Cup,2023,female,international
3893820,72,107,Women's World Cup,2023,female,international
3893821,72,107,Women's World Cup,2023,female,international
3893822,72,107,Women's World Cup,2023,female,international
3893823,72,107,Women's World Cup,2023,female,international
3893824,72,107,Women's World Cup,2023,female,international
3893825,72,107,Women's World Cup,2023,female,international
3893826,72,107,Women's World Cup,2023,female,international
3893827,72,107,Women's World Cup,2023,female,international
3893828,72,107,Women's World Cup,2023,female,international
3893829,72,107,Women's World Cup,2023,female,international
3893830,72,107,Women's World Cup,2023,female,international
3893831,72,107,Women's World Cup,2023,female,international
3893832,72,107,Women's World Cup,2023,female,international
3893833,72,107,Women's World Cup,2023,female,international
3893834,72,107,Women's World Cup,2023,female,international
3901733,72,107,Women's World Cup,2023,female,international
3901734,72,107,Women's World Cup,2023,female,international
3901735,72,107,Women's World Cup,2023,female,international
3901736,72,107,Women's World Cup,2023,female,international
3901796,72,107,Women's World Cup,2023,female,international
3901797,72,107,Women's World Cup,2023,female,international
3901832,72,107,Women's World Cup,2023,female,international
3901833,72,107,Women's World Cup,2023,female,international
3902239,72,107,Women's World Cup,2023,female,international
3902240,72,107,Women's World Cup,2023,female,international
3902967,72,107,Women's World Cup,2023,female,international
3902968,72,107,Women's World Cup,2023,female,international
3904628,72,107,Women's World Cup,2023,female,international
3904629,72,107,Women's World Cup,2023,female,international
3906389,72,107,Women's World Cup,2023,female,international
3906390,72,107,Women's World Cup,2023,female,international
3910620,131,281,Serie A Women,2023/2024,female,club
3910621,131,281,Serie A Women,2023/2024,female,club
3910622,131,281,Serie A Women,2023/2024,female,club
3910623,131,281,Serie A Women,2023/2024,female,club
3910624,131,281,Serie A Women,2023/2024,female,club
3910730,135,281,Frauen Bundesliga,2023/2024,female,club
3910731,135,281,Frauen Bundesliga,2023/2024,female,club
3910732,135,281,Frauen Bundesliga,2023/2024,female,club
3910733,135,281,Frauen Bundesliga,2023/2024,female,club
3910734,135,281,Frauen Bundesliga,2023/2024,female,club
3910735,135,281,Frauen Bundesliga,2023/2024,female,club
3910736,182,281,Liga F,2023/2024,female,club
3910737,182,281,Liga F,2023/2024,female,club
3910738,182,281,Liga F,2023/2024,female,club
3910739,182,281,Liga F,2023/2024,female,club
3910740,182,281,Liga F,2023/2024,female,club
3910741,182,281,Liga F,2023/2024,female,club
3910742,182,281,Liga F,2023/2024,female,club
3910743,182,281,Liga F,2023/2024,female,club
3910744,182,281,Liga F,2023/2024,female,club
3910745,182,281,Liga F,2023/2024,female,club
3910746,182,281,Liga F,2023/2024,female,club
3910747,182,281,Liga F,2023/2024,female,club
3910748,182,281,Liga F,2023/2024,female,club
3910749,182,281,Liga F,2023/2024,female,club
3910750,182,281,Liga F,2023/2024,female,club
3910751,182,281,Liga F,2023/2024,female,club
3910931,182,281,Liga F,2023/2024,female,club
3910932,182,281,Liga F,2023/2024,female,club
3910933,182,281,Liga F,2023/2024,female,club
3910934,182,281,Liga F,2023/2024,female,club
3910935,182,281,Liga F,2023/2024,female,club
3910936,182,281,Liga F,2023/2024,female,club
3910937,182,281,Liga F,2023/2024,female,club
3910938,182,281,Liga F,2023/2024,female,club
3910939,182,281,Liga F,2023/2024,female,club
3910940,182,281,Liga F,2023/2024,female,club
3910941,182,281,Liga F,2023/2024,female,club
3910942,182,281,Liga F,2023/2024,female,club
3910943,182,281,Liga F,2023/2024,female,club
3910944,182,281,Liga F,2023/2024,female,club
3910945,182,281,Liga F,2023/2024,female,club
3910946,182,281,Liga F,2023/2024,female,club
3910947,182,281,Liga F,2023/2024,female,club
3910948,182,281,Liga F,2023/2024,female,club
3910949,182,281,Liga F,2023/2024,female,club
3910950,182,281,Liga F,2023/2024,female,club
3910951,182,281,Liga F,2023/2024,female,club
3910952,182,281,Liga F,2023/2024,female,club
3910953,182,281,Liga F,2023/2024,female,club
3910954,182,281,Liga F,2023/2024,female,club
3910955,182,281,Liga F,2023/2024,female,club
3910956,182,281,Liga F,2023/2024,female,club
3910957,182,281,Liga F,2023/2024,female,club
3910958,182,281,Liga F,2023/2024,female,club
3910959,182,281,Liga F,2023/2024,female,club
3910960,182,281,Liga F,2023/2024,female,club
3910961,182,281,Liga F,2023/2024,female,club
3910962,182,281,Liga F,2023/2024,female,club
3910963,182,281,Liga F,2023/2024,female,club
3910964,182,281,Liga F,2023/2024,female,club
3910965,182,281,Liga F,2023/2024,female,club
3910966,182,281,Liga F,2023/2024,female,club
3910967,182,281,Liga F,2023/2024,female,club
3910968,182,281,Liga F,2023/2024,female,club
3910969,182,281,Liga F,2023/2024,female,club
3910970,182,281,Liga F,2023/2024,female,club
3910971,182,281,Liga F,2023/2024,female,club
3910972,182,281,Liga F,2023/2024,female,club
3910973,182,281,Liga F,2023/2024,female,club
3910974,182,281,Liga F,2023/2024,female,club
3910975,182,281,Liga F,2023/2024,female,club
3910976,182,281,Liga F,2023/2024,female,club
3910977,182,281,Liga F,2023/2024,female,club
3910978,182,281,Liga F,2023/2024,female,club
3910979,182,281,Liga F,2023/2024,female,club
3910980,182,281,Liga F,2023/2024,female,club
3910981,182,281,Liga F,2023/2024,female,club
3910982,182,281,Liga F,2023/2024,female,club
3910983,182,281,Liga F,2023/2024,female,club
3910984,182,281,Liga F,2023/2024,female,club
3910985,182,281,Liga F,2023/2024,female,club
3910986,182,281,Liga F,2023/2024,female,club
3910987,182,281,Liga F,2023/2024,female,club
3910988,182,281,Liga F,2023/2024,female,club
3910989,182,281,Liga F,2023/2024,female,club
3910990,182,281,Liga F,2023/2024,female,club
3910991,182,281,Liga F,2023/2024,female,club
3910992,182,281,Liga F,2023/2024,female,club
3910993,182,281,Liga F,2023/2024,female,club
3910994,182,281,Liga F,2023/2024,female,club
3910995,182,281,Liga F,2023/2024,female,club
3910996,182,281,Liga F,2023/2024,female,club
3910997,182,281,Liga F,2023/2024,female,club
3910998,182,281,Liga F,2023/2024,female,club
3910999,182,281,Liga F,2023/2024,female,club
3911000,182,281,Liga F,2023/2024,female,club
3911001,182,281,Liga F,2023/2024,female,club
3911002,182,281,Liga F,2023/2024,female,club
3911003,182,281,Liga F,2023/2024,female,club
3911004,182,281,Liga F,2023/2024,female,club
3911005,182,281,Liga F,2023/2024,female,club
3911006,182,281,Liga F,2023/2024,female,club
3911007,182,281,Liga F,2023/2024,female,club
3911008,182,281,Liga F,2023/2024,female,club
3911009,182,281,Liga F,2023/2024,female,club
3911010,182,281,Liga F,2023/2024,female,club
3911292,182,281,Liga F,2023/2024,female,club
3911293,182,281,Liga F,2023/2024,female,club
3911294,182,281,Liga F,2023/2024,female,club
3911295,182,281,Liga F,2023/2024,female,club
3911296,182,281,Liga F,2023/2024,female,club
3911297,182,281,Liga F,2023/2024,female,club
3911298,182,281,Liga F,2023/2024,female,club
3911299,182,281,Liga F,2023/2024,female,club
3911300,182,281,Liga F,2023/2024,female,club
3911301,182,281,Liga F,2023/2024,female,club
3911302,182,281,Liga F,2023/2024,female,club
3911303,182,281,Liga F,2023/2024,female,club
3911304,182,281,Liga F,2023/2024,female,club
3911305,182,281,Liga F,2023/2024,female,club
3911306,182,281,Liga F,2023/2024,female,club
3911307,182,281,Liga F,2023/2024,female,club
3911308,182,281,Liga F,2023/2024,female,club
3911309,182,281,Liga F,2023/2024,female,club
3911310,182,281,Liga F,2023/2024,female,club
3911311,182,281,Liga F,2023/2024,female,club
3911312,182,281,Liga F,2023/2024,female,club
3911313,182,281,Liga F,2023/2024,female,club
3911314,182,281,Liga F,2023/2024,female,club
3911315,182,281,Liga F,2023/2024,female,club
3911471,182,281,Liga F,2023/2024,female,club
3911472,182,281,Liga F,2023/2024,female,club
3911473,182,281,Liga F,2023/2024,female,club
3911474,182,281,Liga F,2023/2024,female,club
3911475,182,281,Liga F,2023/2024,female,club
3911476,182,281,Liga F,2023/2024,female,club
3911477,182,281,Liga F,2023/2024,female,club
3911478,182,281,Liga F,2023/2024,female,club
3911479,182,281,Liga F,2023/2024,female,club
3911480,182,281,Liga F,2023/2024,female,club
3911481,182,281,Liga F,2023/2024,female,club
3911482,182,281,Liga F,2023/2024,female,club
3911483,182,281,Liga F,2023/2024,female,club
3911484,182,281,Liga F,2023/2024,female,club
3911485,182,281,Liga F,2023/2024,female,club
3911486,182,281,Liga F,2023/2024,female,club
3911487,182,281,Liga F,2023/2024,female,club
3911488,182,281,Liga F,2023/2024,female,club
3911489,182,281,Liga F,2023/2024,female,club
3911490,182,281,Liga F,2023/2024,female,club
3911491,182,281,Liga F,2023/2024,female,club
3911492,182,281,Liga F,2023/2024,female,club
3911493,182,281,Liga F,2023/2024,female,club
3911494,182,281,Liga F,2023/2024,female,club
3911495,182,281,Liga F,2023/2024,female,club
3911496,182,281,Liga F,2023/2024,female,club
3911497,182,281,Liga F,2023/2024,female,club
3911498,182,281,Liga F,2023/2024,female,club
3911499,182,281,Liga F,2023/2024,female,club
3911500,182,281,Liga F,2023/2024,female,club
3911501,182,281,Liga F,2023/2024,female,club
3911502,182,281,Liga F,2023/2024,female,club
3911503,182,281,Liga F,2023/2024,female,club
3911504,182,281,Liga F,2023/2024,female,club
3911505,182,281,Liga F,2023/2024,female,club
3911506,182,281,Liga F,2023/2024,female,club
3911507,182,281,Liga F,2023/2024,female,club
3911508,182,281,Liga F,2023/2024,female,club
3911509,182,281,Liga F,2023/2024,female,club
3911510,182,281,Liga F,2023/2024,female,club
3911511,182,281,Liga F,2023/2024,female,club
3911512,182,281,Liga F,2023/2024,female,club
3911513,182,281,Liga F,2023/2024,female,club
3911514,182,281,Liga F,2023/2024,female,club
3911515,182,281,Liga F,2023/2024,female,club
3911516,182,281,Liga F,2023/2024,female,club
3911517,182,281,Liga F,2023/2024,female,club
3911518,182,281,Liga F,2023/2024,female,club
3911519,182,281,Liga F,2023/2024,female,club
3911520,182,281,Liga F,2023/2024,female,club
3911521,182,281,Liga F,2023/2024,female,club
3911522,182,281,Liga F,2023/2024,female,club
3911523,182,281,Liga F,2023/2024,female,club
3911524,182,281,Liga F,2023/2024,female,club
3911525,182,281,Liga F,2023/2024,female,club
3911526,182,281,Liga F,2023/2024,female,club
3911527,182,281,Liga F,2023/2024,female,club
3911528,182,281,Liga F,2023/2024,female,club
3911529,182,281,Liga F,2023/2024,female,club
3911530,182,281,Liga F,2023/2024,female,club
3911531,182,281,Liga F,2023/2024,female,club
3911532,182,281,Liga F,2023/2024,female,club
3911533,182,281,Liga F,2023/2024,female,club
3911534,182,281,Liga F,2023/2024,female,club
3911535,182,281,Liga F,2023/2024,female,club
3911536,182,281,Liga F,2023/2024,female,club
3911537,182,281,Liga F,2023/2024,female,club
3911538,182,281,Liga F,2023/2024,female,club
3911539,182,281,Liga F,2023/2024,female,club
3911540,182,281,Liga F,2023/2024,female,club
3911541,182,281,Liga F,2023/2024,female,club
3911542,182,281,Liga F,2023/2024,female,club
3911543,182,281,Liga F,2023/2024,female,club
3911544,182,281,Liga F,2023/2024,female,club
3911545,182,281,Liga F,2023/2024,female,club
3911546,182,281,Liga F,2023/2024,female,club
3911547,182,281,Liga F,2023/2024,female,club
3911548,182,281,Liga F,2023/2024,female,club
3911549,182,281,Liga F,2023/2024,female,club
3911550,182,281,Liga F,2023/2024,female,club
3911551,182,281,Liga F,2023/2024,female,club
3911552,182,281,Liga F,2023/2024,female,club
3911553,182,281,Liga F,2023/2024,female,club
3911554,182,281,Liga F,2023/2024,female,club
3911555,182,281,Liga F,2023/2024,female,club
3911556,182,281,Liga F,2023/2024,female,club
3911557,182,281,Liga F,2023/2024,female,club
3911558,182,281,Liga F,2023/2024,female,club
3911559,182,281,Liga F,2023/2024,female,club
3911560,182,281,Liga F,2023/2024,female,club
3911561,182,281,Liga F,2023/2024,female,club
3911562,182,281,Liga F,2023/2024,female,club
3911563,182,281,Liga F,2023/2024,female,club
3911564,182,281,Liga F,2023/2024,female,club
3911565,182,281,Liga F,2023/2024,female,club
3911566,182,281,Liga F,2023/2024,female,club
3911625,182,281,Liga F,2023/2024,female,club
3911626,182,281,Liga F,2023/2024,female,club
3911627,182,281,Liga F,2023/2024,female,club
3911628,182,281,Liga F,2023/2024,female,club
3911629,182,281,Liga F,2023/2024,female,club
3911630,182,281,Liga F,2023/2024,female,club
3911631,182,281,Liga F,2023/2024,female,club
3911632,182,281,Liga F,2023/2024,female,club
3911633,182,281,Liga F,2023/2024,female,club
3911634,182,281,Liga F,2023/2024,female,club
3911635,182,281,Liga F,2023/2024,female,club
3911636,182,281,Liga F,2023/2024,female,club
3911637,182,281,Liga F,2023/2024,female,club
3911638,182,281,Liga F,2023/2024,female,club
3911639,182,281,Liga F,2023/2024,female,club
3911640,182,281,Liga F,2023/2024,female,club
3911641,182,281,Liga F,2023/2024,female,club
3911642,182,281,Liga F,2023/2024,female,club
3911643,182,281,Liga F,2023/2024,female,club
3911644,182,281,Liga F,2023/2024,female,club
3911645,182,281,Liga F,2023/2024,female,club
3911646,182,281,Liga F,2023/2024,female,club
3911647,182,281,Liga F,2023/2024,female,club
3911648,182,281,Liga F,2023/2024,female,club
3911755,135,281,Frauen Bundesliga,2023/2024,female,club
3911756,135,281,Frauen Bundesliga,2023/2024,female,club
3911757,135,281,Frauen Bundesliga,2023/2024,female,club
3911758,135,281,Frauen Bundesliga,2023/2024,female,club
3911759,135,281,Frauen Bundesliga,2023/2024,female,club
3911760,135,281,Frauen Bundesliga,2023/2024,female,club
3911761,135,281,Frauen Bundesliga,2023/2024,female,club
3911762,135,281,Frauen Bundesliga,2023/2024,female,club
3911763,135,281,Frauen Bundesliga,2023/2024,female,club
3911764,135,281,Frauen Bundesliga,2023/2024,female,club
3911765,135,281,Frauen Bundesliga,2023/2024,female,club
3911766,135,281,Frauen Bundesliga,2023/2024,female,club
3911767,135,281,Frauen Bundesliga,2023/2024,female,club
3911768,135,281,Frauen Bundesliga,2023/2024,female,club
3911769,135,281,Frauen Bundesliga,2023/2024,female,club
3911770,135,281,Frauen Bundesliga,2023/2024,female,club
3911771,135,281,Frauen Bundesliga,2023/2024,female,club
3911772,135,281,Frauen Bundesliga,2023/2024,female,club
3911773,135,281,Frauen Bundesliga,2023/2024,female,club
3911774,135,281,Frauen Bundesliga,2023/2024,female,club
3911775,135,281,Frauen Bundesliga,2023/2024,female,club
3911776,135,281,Frauen Bundesliga,2023/2024,female,club
3911777,135,281,Frauen Bundesliga,2023/2024,female,club
3911778,135,281,Frauen Bundesliga,2023/2024,female,club
3911779,135,281,Frauen Bundesliga,2023/2024,female,club
3911780,135,281,Frauen Bundesliga,2023/2024,female,club
3911781,135,281,Frauen Bundesliga,2023/2024,female,club
3911782,135,281,Frauen Bundesliga,2023/2024,female,club
3911783,135,281,Frauen Bundesliga,2023/2024,female,club
3911784,135,281,Frauen Bundesliga,2023/2024,female,club
3911785,135,281,Frauen Bundesliga,2023/2024,female,club
3911786,135,281,Frauen Bundesliga,2023/2024,female,club
3911787,135,281,Frauen Bundesliga,2023/2024,female,club
3911788,135,281,Frauen Bundesliga,2023/2024,female,club
3911789,135,281,Frauen Bundesliga,2023/2024,female,club
3911790,135,281,Frauen Bundesliga,2023/2024,female,club
3911791,135,281,Frauen Bundesliga,2023/2024,female,club
3911792,135,281,Frauen Bundesliga,2023/2024,female,club
3911793,135,281,Frauen Bundesliga,2023/2024,female,club
3911794,135,281,Frauen Bundesliga,2023/2024,female,club
3911795,135,281,Frauen Bundesliga,2023/2024,female,club
3911796,135,281,Frauen Bundesliga,2023/2024,female,club
3911797,135,281,Frauen Bundesliga,2023/2024,female,club
3911798,135,281,Frauen Bundesliga,2023/2024,female,club
3911799,135,281,Frauen Bundesliga,2023/2024,female,club
3911800,135,281,Frauen Bundesliga,2023/2024,female,club
3911801,135,281,Frauen Bundesliga,2023/2024,female,club
3911802,135,281,Frauen Bundesliga,2023/2024,female,club
3911869,131,281,Serie A Women,2023/2024,female,club
3911870,131,281,Serie A Women,2023/2024,female,club
3911871,131,281,Serie A Women,2023/2024,female,club
3911872,131,281,Serie A Women,2023/2024,female,club
3911873,131,281,Serie A Women,2023/2024,female,club
3912183,135,281,Frauen Bundesliga,2023/2024,female,club
3912184,135,281,Frauen Bundesliga,2023/2024,female,club
3912185,135,281,Frauen Bundesliga,2023/2024,female,club
3912186,135,281,Frauen Bundesliga,2023/2024,female,club
3912187,135,281,Frauen Bundesliga,2023/2024,female,club
3912188,135,281,Frauen Bundesliga,2023/2024,female,club
3912189,135,281,Frauen Bundesliga,2023/2024,female,club
3912190,135,281,Frauen Bundesliga,2023/2024,female,club
3912191,135,281,Frauen Bundesliga,2023/2024,female,club
3912192,135,281,Frauen Bundesliga,2023/2024,female,club
3912193,135,281,Frauen Bundesliga,2023/2024,female,club
3912194,135,281,Frauen Bundesliga,2023/2024,female,club
3912195,135,281,Frauen Bundesliga,2023/2024,female,club
3912196,135,281,Frauen Bundesliga,2023/2024,female,club
3912197,135,281,Frauen Bundesliga,2023/2024,female,club
3912198,135,281,Frauen Bundesliga,2023/2024,female,club
3912199,135,281,Frauen Bundesliga,2023/2024,female,club
3912200,135,281,Frauen Bundesliga,2023/2024,female,club
3912201,135,281,Frauen Bundesliga,2023/2024,female,club
3912202,135,281,Frauen Bundesliga,2023/2024,female,club
3912203,135,281,Frauen Bundesliga,2023/2024,female,club
3912204,135,281,Frauen Bundesliga,2023/2024,female,club
3912205,135,281,Frauen Bundesliga,2023/2024,female,club
3912206,135,281,Frauen Bundesliga,2023/2024,female,club
3912207,135,281,Frauen Bundesliga,2023/2024,female,club
3912208,135,281,Frauen Bundesliga,2023/2024,female,club
3912209,135,281,Frauen Bundesliga,2023/2024,female,club
3912210,135,281,Frauen Bundesliga,2023/2024,female,club
3912211,135,281,Frauen Bundesliga,2023/2024,female,club
3912212,135,281,Frauen Bundesliga,2023/2024,female,club
3912213,135,281,Frauen Bundesliga,2023/2024,female,club
3912214,135,281,Frauen Bundesliga,2023/2024,female,club
3912215,135,281,Frauen Bundesliga,2023/2024,female,club
3912216,135,281,Frauen Bundesliga,2023/2024,female,club
3912217,135,281,Frauen Bundesliga,2023/2024,female,club
3912218,135,281,Frauen Bundesliga,2023/2024,female,club
3912219,135,281,Frauen Bundesliga,2023/2024,female,club
3912220,135,281,Frauen Bundesliga,2023/2024,female,club
3912221,135,281,Frauen Bundesliga,2023/2024,female,club
3912222,135,281,Frauen Bundesliga,2023/2024,female,club
3912223,135,281,Frauen Bundesliga,2023/2024,female,club
3912224,135,281,Frauen Bundesliga,2023/2024,female,club
3912225,135,281,Frauen Bundesliga,2023/2024,female,club
3912226,135,281,Frauen Bundesliga,2023/2024,female,club
3912227,135,281,Frauen Bundesliga,2023/2024,female,club
3912228,135,281,Frauen Bundesliga,2023/2024,female,club
3912229,135,281,Frauen Bundesliga,2023/2024,female,club
3912230,135,281,Frauen Bundesliga,2023/2024,female,club
3912231,135,281,Frauen Bundesliga,2023/2024,female,club
3912232,135,281,Frauen Bundesliga,2023/2024,female,club
3912233,135,281,Frauen Bundesliga,2023/2024,female,club
3912234,135,281,Frauen Bundesliga,2023/2024,female,club
3912235,135,281,Frauen Bundesliga,2023/2024,female,club
3912236,135,281,Frauen Bundesliga,2023/2024,female,club
3912237,135,281,Frauen Bundesliga,2023/2024,female,club
3912238,135,281,Frauen Bundesliga,2023/2024,female,club
3912239,135,281,Frauen Bundesliga,2023/2024,female,club
3912240,135,281,Frauen Bundesliga,2023/2024,female,club
3912241,135,281,Frauen Bundesliga,2023/2024,female,club
3912242,135,281,Frauen Bundesliga,2023/2024,female,club
3912243,135,281,Frauen Bundesliga,2023/2024,female,club
3912244,135,281,Frauen Bundesliga,2023/2024,female,club
3912245,135,281,Frauen Bundesliga,2023/2024,female,club
3912246,135,281,Frauen Bundesliga,2023/2024,female,club
3912247,135,281,Frauen Bundesliga,2023/2024,female,club
3912248,135,281,Frauen Bundesliga,2023/2024,female,club
3912249,135,281,Frauen Bundesliga,2023/2024,female,club
3912250,135,281,Frauen Bundesliga,2023/2024,female,club
3912251,135,281,Frauen Bundesliga,2023/2024,female,club
3912252,135,281,Frauen Bundesliga,2023/2024,female,club
3912253,135,281,Frauen Bundesliga,2023/2024,female,club
3912254,135,281,Frauen Bundesliga,2023/2024,female,club
3912255,135,281,Frauen Bundesliga,2023/2024,female,club
3912256,135,281,Frauen Bundesliga,2023/2024,female,club
3912257,135,281,Frauen Bundesliga,2023/2024,female,club
3912258,135,281,Frauen Bundesliga,2023/2024,female,club
3912259,135,281,Frauen Bundesliga,2023/2024,female,club
3912477,131,281,Serie A Women,2023/2024,female,club
3912478,131,281,Serie A Women,2023/2024,female,club
3912479,131,281,Serie A Women,2023/2024,female,club
3912480,131,281,Serie A Women,2023/2024,female,club
3912481,131,281,Serie A Women,2023/2024,female,club
3912482,131,281,Serie A Women,2023/2024,female,club
3912483,131,281,Serie A Women,2023/2024,female,club
3912484,131,281,Serie A Women,2023/2024,female,club
3912485,131,281,Serie A Women,2023/2024,female,club
3912486,131,281,Serie A Women,2023/2024,female,club
3912487,131,281,Serie A Women,2023/2024,female,club
3912488,131,281,Serie A Women,2023/2024,female,club
3912489,131,281,Serie A Women,2023/2024,female,club
3912490,131,281,Serie A Women,2023/2024,female,club
3912491,131,281,Serie A Women,2023/2024,female,club
3912492,131,281,Serie A Women,2023/2024,female,club
3912493,131,281,Serie A Women,2023/2024,female,club
3912494,131,281,Serie A Women,2023/2024,female,club
3912495,131,281,Serie A Women,2023/2024,female,club
3912496,131,281,Serie A Women,2023/2024,female,club
3912497,131,281,Serie A Women,2023/2024,female,club
3912498,131,281,Serie A Women,2023/2024,female,club
3912499,131,281,Serie A Women,2023/2024,female,club
3912500,131,281,Serie A Women,2023/2024,female,club
3912501,131,281,Serie A Women,2023/2024,female,club
3912502,131,281,Serie A Women,2023/2024,female,club
3912503,131,281,Serie A Women,2023/2024,female,club
3912504,131,281,Serie A Women,2023/2024,female,club
3912505,131,281,Serie A Women,2023/2024,female,club
3912506,131,281,Serie A Women,2023/2024,female,club
3912507,131,281,Serie A Women,2023/2024,female,club
3912508,131,281,Serie A Women,2023/2024,female,club
3912509,131,281,Serie A Women,2023/2024,female,club
3912510,131,281,Serie A Women,2023/2024,female,club
3912511,131,281,Serie A Women,2023/2024,female,club
3912512,131,281,Serie A Women,2023/2024,female,club
3912513,131,281,Serie A Women,2023/2024,female,club
3912514,131,281,Serie A Women,2023/2024,female,club
3912515,131,281,Serie A Women,2023/2024,female,club
3912516,131,281,Serie A Women,2023/2024,female,club
3912517,131,281,Serie A Women,2023/2024,female,club
3912518,131,281,Serie A Women,2023/2024,female,club
3912519,131,281,Serie A Women,2023/2024,female,club
3912520,131,281,Serie A Women,2023/2024,female,club
3912521,131,281,Serie A Women,2023/2024,female,club
3912522,131,281,Serie A Women,2023/2024,female,club
3912523,131,281,Serie A Women,2023/2024,female,club
3912524,131,281,Serie A Women,2023/2024,female,club
3912525,131,281,Serie A Women,2023/2024,female,club
3912526,131,281,Serie A Women,2023/2024,female,club
3912527,131,281,Serie A Women,2023/2024,female,club
3912528,131,281,Serie A Women,2023/2024,female,club
3912529,131,281,Serie A Women,2023/2024,female,club
3912530,131,281,Serie A Women,2023/2024,female,club
3912531,131,281,Serie A Women,2023/2024,female,club
3912532,131,281,Serie A Women,2023/2024,female,club
3912533,131,281,Serie A Women,2023/2024,female,club
3912534,131,281,Serie A Women,2023/2024,female,club
3912535,131,281,Serie A Women,2023/2024,female,club
3912536,131,281,Serie A Women,2023/2024,female,club
3912537,131,281,Serie A Women,2023/2024,female,club
3912538,131,281,Serie A Women,2023/2024,female,club
3912539,131,281,Serie A Women,2023/2024,female,club
3912540,131,281,Serie A Women,2023/2024,female,club
3912541,131,281,Serie A Women,2023/2024,female,club
3912542,131,281,Serie A Women,2023/2024,female,club
3912543,131,281,Serie A Women,2023/2024,female,club
3912544,131,281,Serie A Women,2023/2024,female,club
3912545,131,281,Serie A Women,2023/2024,female,club
3912546,131,281,Serie A Women,2023/2024,female,club
3912547,131,281,Serie A Women,2023/2024,female,club
3912548,131,281,Serie A Women,2023/2024,female,club
3912549,131,281,Serie A Women,2023/2024,female,club
3912550,131,281,Serie A Women,2023/2024,female,club
3912551,131,281,Serie A Women,2023/2024,female,club
3912552,131,281,Serie A Women,2023/2024,female,club
3912553,131,281,Serie A Women,2023/2024,female,club
3912554,131,281,Serie A Women,2023/2024,female,club
3912555,131,281,Serie A Women,2023/2024,female,club
3912556,131,281,Serie A Women,2023/2024,female,club
3912592,37,281,FA Women's Super League,2023/2024,female,club
3912593,37,281,FA Women's Super League,2023/2024,female,club
3912594,37,281,FA Women's Super League,2023/2024,female,club
3912595,37,281,FA Women's Super League,2023/2024,female,club
3912596,37,281,FA Women's Super League,2023/2024,female,club
3912597,37,281,FA Women's Super League,2023/2024,female,club
3912598,37,281,FA Women's Super League,2023/2024,female,club
3912599,37,281,FA Women's Super League,2023/2024,female,club
3912600,37,281,FA Women's Super League,2023/2024,female,club
3912601,37,281,FA Women's Super League,2023/2024,female,club
3912602,37,281,FA Women's Super League,2023/2024,female,club
3912603,37,281,FA Women's Super League,2023/2024,female,club
3913069,37,281,FA Women's Super League,2023/2024,female,club
3913070,37,281,FA Women's Super League,2023/2024,female,club
3913071,37,281,FA Women's Super League,2023/2024,female,club
3913072,37,281,FA Women's Super League,2023/2024,female,club
3913073,37,281,FA Women's Super League,2023/2024,female,club
3913074,37,281,FA Women's Super League,2023/2024,female,club
3913075,37,281,FA Women's Super League,2023/2024,female,club
3913076,37,281,FA Women's Super League,2023/2024,female,club
3913077,37,281,FA Women's Super League,2023/2024,female,club
3913078,37,281,FA Women's Super League,2023/2024,female,club
3913079,37,281,FA Women's Super League,2023/2024,female,club
3913080,37,281,FA Women's Super League,2023/2024,female,club
3913081,37,281,FA Women's Super League,2023/2024,female,club
3913082,37,281,FA Women's Super League,2023/2024,female,club
3913083,37,281,FA Women's Super League,2023/2024,female,club
3913084,37,281,FA Women's Super League,2023/2024,female,club
3913085,37,281,FA Women's Super League,2023/2024,female,club
3913086,37,281,FA Women's Super League,2023/2024,female,club
3913087,37,281,FA Women's Super League,2023/2024,female,club
3913088,37,281,FA Women's Super League,2023/2024,female,club
3913089,37,281,FA Women's Super League,2023/2024,female,club
3913090,37,281,FA Women's Super League,2023/2024,female,club
3913091,37,281,FA Women's Super League,2023/2024,female,club
3913092,37,281,FA Women's Super League,2023/2024,female,club
3913093,37,281,FA Women's Super League,2023/2024,female,club
3913094,37,281,FA Women's Super League,2023/2024,female,club
3913095,37,281,FA Women's Super League,2023/2024,female,club
3913096,37,281,FA Women's Super League,2023/2024,female,club
3913097,37,281,FA Women's Super League,2023/2024,female,club
3913098,37,281,FA Women's Super League,2023/2024,female,club
3913099,37,281,FA Women's Super League,2023/2024,female,club
3913100,37,281,FA Women's Super League,2023/2024,female,club
3913101,37,281,FA Women's Super League,2023/2024,female,club
3913102,37,281,FA Women's Super League,2023/2024,female,club
3913103,37,281,FA Women's Super League,2023/2024,female,club
3913104,37,281,FA Women's Super League,2023/2024,female,club
3913105,37,281,FA Women's Super League,2023/2024,female,club
3913106,37,281,FA Women's Super League,2023/2024,female,club
3913107,37,281,FA Women's Super League,2023/2024,female,club
3913108,37,281,FA Women's Super League,2023/2024,female,club
3913109,37,281,FA Women's Super League,2023/2024,female,club
3913110,37,281,FA Women's Super League,2023/2024,female,club
3913111,37,281,FA Women's Super League,2023/2024,female,club
3913112,37,281,FA Women's Super League,2023/2024,female,club
3913113,37,281,FA Women's Super League,2023/2024,female,club
3913114,37,281,FA Women's Super League,2023/2024,female,club
3913115,37,281,FA Women's Super League,2023/2024,female,club
3913116,37,281,FA Women's Super League,2023/2024,female,club
3913117,37,281,FA Women's Super League,2023/2024,female,club
3913118,37,281,FA Women's Super League,2023/2024,female,club
3913119,37,281,FA Women's Super League,2023/2024,female,club
3913120,37,281,FA Women's Super League,2023/2024,female,club
3913121,37,281,FA Women's Super League,2023/2024,female,club
3913122,37,281,FA Women's Super League,2023/2024,female,club
3913123,37,281,FA Women's Super League,2023/2024,female,club
3913124,37,281,FA Women's Super League,2023/2024,female,club
3913125,37,281,FA Women's Super League,2023/2024,female,club
3913126,37,281,FA Women's Super League,2023/2024,female,club
3913127,37,281,FA Women's Super League,2023/2024,female,club
3913128,37,281,FA Women's Super League,2023/2024,female,club
3913129,37,281,FA Women's Super League,2023/2024,female,club
3913130,37,281,FA Women's Super League,2023/2024,female,club
3913131,37,281,FA Women's Super League,2023/2024,female,club
3913132,37,281,FA Women's Super League,2023/2024,female,club
3913133,37,281,FA Women's Super League,2023/2024,female,club
3913134,37,281,FA Women's Super League,2023/2024,female,club
3913135,37,281,FA Women's Super League,2023/2024,female,club
3913136,37,281,FA Women's Super League,2023/2024,female,club
3913137,37,281,FA Women's Super League,2023/2024,female,club
3913138,37,281,FA Women's Super League,2023/2024,female,club
3913139,37,281,FA Women's Super League,2023/2024,female,club
3913140,37,281,FA Women's Super League,2023/2024,female,club
3913141,37,281,FA Women's Super League,2023/2024,female,club
3913142,37,281,FA Women's Super League,2023/2024,female,club
3913143,37,281,FA Women's Super League,2023/2024,female,club
3913144,37,281,FA Women's Super League,2023/2024,female,club
3913145,37,281,FA Women's Super League,2023/2024,female,club
3913146,37,281,FA Women's Super League,2023/2024,female,club
3913147,37,281,FA Women's Super League,2023/2024,female,club
3913148,37,281,FA Women's Super League,2023/2024,female,club
3913149,37,281,FA Women's Super League,2023/2024,female,club
3913150,37,281,FA Women's Super League,2023/2024,female,club
3913151,37,281,FA Women's Super League,2023/2024,female,club
3913152,37,281,FA Women's Super League,2023/2024,female,club
3913153,37,281,FA Women's Super League,2023/2024,female,club
3913154,37,281,FA Women's Super League,2023/2024,female,club
3913155,37,281,FA Women's Super League,2023/2024,female,club
3913156,37,281,FA Women's Super League,2023/2024,female,club
3913157,37,281,FA Women's Super League,2023/2024,female,club
3913158,37,281,FA Women's Super League,2023/2024,female,club
3913159,37,281,FA Women's Super League,2023/2024,female,club
3913160,37,281,FA Women's Super League,2023/2024,female,club
3913161,37,281,FA Women's Super League,2023/2024,female,club
3913162,37,281,FA Women's Super League,2023/2024,female,club
3913163,37,281,FA Women's Super League,2023/2024,female,club
3913164,37,281,FA Women's Super League,2023/2024,female,club
3913165,37,281,FA Women's Super League,2023/2024,female,club
3913166,37,281,FA Women's Super League,2023/2024,female,club
3913167,37,281,FA Women's Super League,2023/2024,female,club
3913168,37,281,FA Women's Super League,2023/2024,female,club
3913169,37,281,FA Women's Super League,2023/2024,female,club
3913170,37,281,FA Women's Super League,2023/2024,female,club
3913171,37,281,FA Women's Super League,2023/2024,female,club
3913172,37,281,FA Women's Super League,2023/2024,female,club
3913173,37,281,FA Women's Super League,2023/2024,female,club
3913174,37,281,FA Women's Super League,2023/2024,female,club
3913175,37,281,FA Women's Super League,2023/2024,female,club
3913176,37,281,FA Women's Super League,2023/2024,female,club
3913177,37,281,FA Women's Super League,2023/2024,female,club
3913178,37,281,FA Women's Super League,2023/2024,female,club
3913179,37,281,FA Women's Super League,2023/2024,female,club
3913180,37,281,FA Women's Super League,2023/2024,female,club
3913181,37,281,FA Women's Super League,2023/2024,female,club
3913182,37,281,FA Women's Super League,2023/2024,female,club
3913183,37,281,FA Women's Super League,2023/2024,female,club
3913184,37,281,FA Women's Super League,2023/2024,female,club
3913185,37,281,FA Women's Super League,2023/2024,female,club
3913186,37,281,FA Women's Super League,2023/2024,female,club
3913187,37,281,FA Women's Super League,2023/2024,female,club
3913188,37,281,FA Women's Super League,2023/2024,female,club
3913800,135,281,Frauen Bundesliga,2023/2024,female,club
3914644,49,107,NWSL,2023,female,club
3914645,49,107,NWSL,2023,female,club
3915110,49,107,NWSL,2023,female,club
3915111,49,107,NWSL,2023,female,club
3915998,49,107,NWSL,2023,female,club
3928984,131,281,Serie A Women,2023/2024,female,club
3928985,131,281,Serie A Women,2023/2024,female,club
3928986,131,281,Serie A Women,2023/2024,female,club
3928987,131,281,Serie A Women,2023/2024,female,club
3928988,131,281,Serie A Women,2023/2024,female,club
3928989,131,281,Serie A Women,2023/2024,female,club
3928990,131,281,Serie A Women,2023/2024,female,club
3928991,131,281,Serie A Women,2023/2024,female,club
3928992,131,281,Serie A Women,2023/2024,female,club
3928993,131,281,Serie A Women,2023/2024,female,club
3928994,131,281,Serie A Women,2023/2024,female,club
3928995,131,281,Serie A Women,2023/2024,female,club
3928996,131,281,Serie A Women,2023/2024,female,club
3928997,131,281,Serie A Women,2023/2024,female,club
3928998,131,281,Serie A Women,2023/2024,female,club
3928999,131,281,Serie A Women,2023/2024,female,club
3929000,131,281,Serie A Women,2023/2024,female,club
3929001,131,281,Serie A Women,2023/2024,female,club
3929002,131,281,Serie A Women,2023/2024,female,club
3929003,131,281,Serie A Women,2023/2024,female,club
3929004,131,281,Serie A Women,2023/2024,female,club
3929005,131,281,Serie A Women,2023/2024,female,club
3929006,131,281,Serie A Women,2023/2024,female,club
3929007,131,281,Serie A Women,2023/2024,female,club
3929008,131,281,Serie A Women,2023/2024,female,club
3929009,131,281,Serie A Women,2023/2024,female,club
3929010,131,281,Serie A Women,2023/2024,female,club
3929011,131,281,Serie A Women,2023/2024,female,club
3929012,131,281,Serie A Women,2023/2024,female,club
3929013,131,281,Serie A Women,2023/2024,female,club
3929014,131,281,Serie A Women,2023/2024,female,club
3929015,131,281,Serie A Women,2023/2024,female,club
3929016,131,281,Serie A Women,2023/2024,female,club
3929017,131,281,Serie A Women,2023/2024,female,club
3929018,131,281,Serie A Women,2023/2024,female,club
3929019,131,281,Serie A Women,2023/2024,female,club
3929020,131,281,Serie A Women,2023/2024,female,club
3929021,131,281,Serie A Women,2023/2024,female,club
3929022,131,281,Serie A Women,2023/2024,female,club
3929023,131,281,Serie A Women,2023/2024,female,club
3930158,55,282,UEFA Euro,2024,male,international
3930159,55,282,UEFA Euro,2024,male,international
3930160,55,282,UEFA Euro,2024,male,international
3930161,55,282,UEFA Euro,2024,male,international
3930162,55,282,UEFA Euro,2024,male,international
3930163,55,282,UEFA Euro,2024,male,international
3930164,55,282,UEFA Euro,2024,male,international
3930165,55,282,UEFA Euro,2024,male,international
3930166,55,282,UEFA Euro,2024,male,international
3930167,55,282,UEFA Euro,2024,male,international
3930168,55,282,UEFA Euro,2024,male,international
3930169,55,282,UEFA Euro,2024,male,international
3930170,55,282,UEFA Euro,2024,male,international
3930171,55,282,UEFA Euro,2024,male,international
3930172,55,282,UEFA Euro,2024,male,international
3930173,55,282,UEFA Euro,2024,male,international
3930174,55,282,UEFA Euro,2024,male,international
3930175,55,282,UEFA Euro,2024,male,international
3930176,55,282,UEFA Euro,2024,male,international
3930177,55,282,UEFA Euro,2024,male,international
3930178,55,282,UEFA Euro,2024,male,international
3930179,55,282,UEFA Euro,2024,male,international
3930180,55,282,UEFA Euro,2024,male,international
3930181,55,282,UEFA Euro,2024,male,international
3930182,55,282,UEFA Euro,2024,male,international
3930183,55,282,UEFA Euro,2024,male,international
3930184,55,282,UEFA Euro,2024,male,international
3938637,55,282,UEFA Euro,2024,male,international
3938638,55,282,UEFA Euro,2024,male,international
3938639,55,282,UEFA Euro,2024,male,international
3938640,55,282,UEFA Euro,2024,male,international
3938641,55,282,UEFA Euro,2024,male,international
3938642,55,282,UEFA Euro,2024,male,international
3938643,55,282,UEFA Euro,2024,male,international
3938644,55,282,UEFA Euro,2024,male,international
3938645,55,282,UEFA Euro,2024,male,international
3940878,55,282,UEFA Euro,2024,male,international
3940983,55,282,UEFA Euro,2024,male,international
3941017,55,282,UEFA Euro,2024,male,international
3941018,55,282,UEFA Euro,2024,male,international
3941019,55,282,UEFA Euro,2024,male,international
3941020,55,282,UEFA Euro,2024,male,international
3941021,55,282,UEFA Euro,2024,male,international
3941022,55,282,UEFA Euro,2024,male,international
3942226,55,282,UEFA Euro,2024,male,international
3942227,55,282,UEFA Euro,2024,male,international
3942349,55,282,UEFA Euro,2024,male,international
3942382,55,282,UEFA Euro,2024,male,international
3942752,55,282,UEFA Euro,2024,male,international
3942819,55,282,UEFA Euro,2024,male,international
3943043,55,282,UEFA Euro,2024,male,international
3998836,53,315,UEFA Women's Euro,2025,female,international
3998837,53,315,UEFA Women's Euro,2025,female,international
3998838,53,315,UEFA Women's Euro,2025,female,international
3998839,53,315,UEFA Women's Euro,2025,female,international
3998840,53,315,UEFA Women's Euro,2025,female,international
3998841,53,315,UEFA Women's Euro,2025,female,international
3998842,53,315,UEFA Women's Euro,2025,female,international
3998843,53,315,UEFA Women's Euro,2025,female,international
3998844,53,315,UEFA Women's Euro,2025,female,international
3998845,53,315,UEFA Women's Euro,2025,female,international
3998846,53,315,UEFA Women's Euro,2025,female,international
3998847,53,315,UEFA Women's Euro,2025,female,international
3998848,53,315,UEFA Women's Euro,2025,female,international
3998849,53,315,UEFA Women's Euro,2025,female,international
3998850,53,315,UEFA Women's Euro,2025,female,international
3998851,53,315,UEFA Women's Euro,2025,female,international
3998852,53,315,UEFA Women's Euro,2025,female,international
3998853,53,315,UEFA Women's Euro,2025,female,international
3998854,53,315,UEFA Women's Euro,2025,female,international
3998855,53,315,UEFA Women's Euro,2025,female,international
3998856,53,315,UEFA Women's Euro,2025,female,international
3998857,53,315,UEFA Women's Euro,2025,female,international
3998858,53,315,UEFA Women's Euro,2025,female,international
3998859,53,315,UEFA Women's Euro,2025,female,international
4018354,53,315,UEFA Women's Euro,2025,female,international
4018355,53,315,UEFA Women's Euro,2025,female,international
4018356,53,315,UEFA Women's Euro,2025,female,international
4018357,53,315,UEFA Women's Euro,2025,female,international
4020005,53,315,UEFA Women's Euro,2025,female,international
4020077,53,315,UEFA Women's Euro,2025,female,international
4020846,53,315,UEFA Women's Euro,2025,female,international
